dimension,index,indicator,metric,variable_name,resolution,use,notes,source
economics,access to capital/credit,access to land,Mean acres per farm,acresPF,county,x,not a great fit,"U.S. Department of Agriculture, National Agricultural Statistics Service. (2024). 2022 Census of Agriculture."
economics,access to capital/credit,access to land,Median acres per farm,medianAcresPF,county,x,not a great fit,"U.S. Department of Agriculture, National Agricultural Statistics Service. (2024). 2022 Census of Agriculture."
economics,access to capital/credit,access to land,Total acres operated,acresOperated,county,,not a great fit,"U.S. Department of Agriculture, National Agricultural Statistics Service. (2024). 2022 Census of Agriculture."
economics,access to capital/credit,access to land,Land and building value per acre,landValPerAcre,county,x,not a great fit,"U.S. Department of Agriculture, National Agricultural Statistics Service. (2024). 2022 Census of Agriculture."
economics,access to capital/credit,access to land,Land and building value per farm,landValPF,county,x,not a great fit,"U.S. Department of Agriculture, National Agricultural Statistics Service. (2024). 2022 Census of Agriculture."
economics,access to capital/credit,access to land,"Capital expenditures, buildings and land, excl. operator dwellings",totalCapExpBldgsLandNoDwellings,,,,
economics,access to capital/credit,access to land,"Capital consumption, all, excl. operator dwellings",totalCapConsNoDwellings,,,,
economics,access to capital/credit,access to land,"Interest expenses, real estate, excl. operator dwellings",totalIntExpRealEstateNoDwellings,,,,
economics,community economy,business failure rate of food business,"OTY % change in number of establishments, crop production",otyAnnualAvgEstabsPctChg111NAICS,,x,,
economics,community economy,business failure rate of food business,"OTY % change in number of establishments, animal production",otyAnnualAvgEstabsPctChg112NAICS,,x,,
economics,community economy,wealth/income distribution,Unemployment,unemployment,county,,Using BLS instead,"University of Wisconsin Population Health Institute, County Health Rankings and Roadmaps. (2024)"
economics,community economy,wealth/income distribution,"Median earnings (dollars) for female, farming, fishing, and forestry occupations",medianFemaleEarningsFFF,county,,,"U.S.Census Bureau, American Community Survey"
economics,community economy,wealth/income distribution,"Median earnings (dollars) for female, food preparation and serving related occupations",medianFemaleEarningsFPS,county,,,"U.S.Census Bureau, American Community Survey"
economics,community economy,wealth/income distribution,"Median earnings (dollars) for male, farming, fishing, and forestry occupations",medianMaleEarningsFFF,county,,,"U.S.Census Bureau, American Community Survey"
economics,community economy,wealth/income distribution,"Median earnings (dollars) for male, food preparation and serving related occupations",medianMaleEarningsFPS,county,,,"U.S.Census Bureau, American Community Survey"
economics,community economy,wealth/income distribution,"Women's wages as a % of men's, farming, fishing, and forestry",womenEarnPercMenFFF,county,x,,"U.S.Census Bureau, American Community Survey"
economics,community economy,wealth/income distribution,"Women's wages as a % of men's, food preparation and service",womenEarnPercMenFPS,county,x,,"U.S.Census Bureau, American Community Survey"
economics,community economy,wealth/income distribution,Children eligible for free or reduced price lunch,childrenEligibleForFreeOrReducedPriceLunch,county,,,"University of Wisconsin Population Health Institute, County Health Rankings and Roadmaps. (2024)"
economics,community economy,wealth/income distribution,Children in poverty,childrenInPoverty,county,,,"University of Wisconsin Population Health Institute, County Health Rankings and Roadmaps. (2024)"
economics,community economy,wealth/income distribution,Gender pay gap,genderPayGap,county,,,"University of Wisconsin Population Health Institute, County Health Rankings and Roadmaps. (2024)"
economics,community economy,wealth/income distribution,Living wage,livingWage,county,,,"University of Wisconsin Population Health Institute, County Health Rankings and Roadmaps. (2024)"
economics,community economy,wealth/income distribution,Income inequality,incomeInequality,county,,,"University of Wisconsin Population Health Institute, County Health Rankings and Roadmaps. (2024)"
economics,community economy,wealth/income distribution,Median household income,medianHouseholdIncome,county,,,"University of Wisconsin Population Health Institute, County Health Rankings and Roadmaps. (2024)"
economics,community economy,wealth/income distribution,Gini Index,gini,county,x,,"U.S. Census Bureau, American Community Survey: 5-Year Estimates: Detailed Tables, 2022."
economics,community economy,wealth/income distribution,Median Household Income,medHhIncome,county,,,"U.S. Department of Commerce, Bureau of the Census, Small Area Income and Poverty Estimates (SAIPE) Program"
economics,community economy,wealth/income distribution,Median Household Income (% of State Avg),medHhIncomePercState,county,,,"U.S. Department of Commerce, Bureau of the Census, Small Area Income and Poverty Estimates (SAIPE) Program"
economics,community economy,wealth/income distribution,Number Employed,employed,county,,,"U.S. Department of Labor, Bureau of Labor Statistics, Local Area Unemployment Statistics (LAUS)"
economics,community economy,wealth/income distribution,Number unemployed,unemployed,county,,,"U.S. Department of Labor, Bureau of Labor Statistics, Local Area Unemployment Statistics (LAUS)"
economics,community economy,wealth/income distribution,Unemployment Rate,unemploymentRate,county,x,,"U.S. Department of Labor, Bureau of Labor Statistics, Local Area Unemployment Statistics (LAUS)"
economics,food business resilience,income stability,"OTY % change in average weekly wages, crop production",otyAnnualAvgWklyWagePctChg111NAICS,,x,,
economics,food business resilience,income stability,"OTY % change in average weekly wage, animal production",otyAnnualAvgWklyWagePctChg112NAICS,,x,,
economics,food business resilience,income stability,Net return to operators,netReturnOperators,state,,,"U.S. Department of Agriculture, Economic Research Service, Farm Income and Wealth Statistics"
economics,food business resilience,income stability,Labor expenses,expHiredLabor,county,,,"U.S. Department of Agriculture, National Agricultural Statistics Service. (2024). 2022 Census of Agriculture."
economics,food business resilience,income stability,Labor expenses as percentage of operating expenses,expHiredLaborPercOpExp,county,x,,"U.S. Department of Agriculture, National Agricultural Statistics Service. (2024). 2022 Census of Agriculture."
economics,food business resilience,income stability,Labor expenses per farm,expHiredLaborPF,county,,,"U.S. Department of Agriculture, National Agricultural Statistics Service. (2024). 2022 Census of Agriculture."
economics,food business resilience,income stability,mean farm related income per operation,farmIncomePF,county,,,"U.S. Department of Agriculture, National Agricultural Statistics Service. (2024). 2022 Census of Agriculture."
economics,food business resilience,labor costs,Labor expenses as percentage of expenses,expHiredLaborPercOpExp,state,x,,"U.S. Department of Agriculture, National Agricultural Statistics Service. (2024). 2022 Census of Agriculture."
economics,food business resilience,labor costs,Number of operations with hired labor,nOpsHiredLabor,county,,,"U.S. Department of Agriculture, National Agricultural Statistics Service. (2024). 2022 Census of Agriculture."
economics,food business resilience,labor costs,Number of operations with labor expenses,nOpsHiredLaborExp,county,,,"U.S. Department of Agriculture, National Agricultural Statistics Service. (2024). 2022 Census of Agriculture."
economics,food business resilience,labor costs,Number of operations with long-term labor,nOpsWorkersGE150,county,,,"U.S. Department of Agriculture, National Agricultural Statistics Service. (2024). 2022 Census of Agriculture."
economics,food business resilience,labor costs,Number of operations with migrant labor,nOpsMigrantWorkers,county,,,"U.S. Department of Agriculture, National Agricultural Statistics Service. (2024). 2022 Census of Agriculture."
economics,food business resilience,labor costs,Number of operations with short-term labor,nOpsWorkersLE150,county,,,"U.S. Department of Agriculture, National Agricultural Statistics Service. (2024). 2022 Census of Agriculture."
economics,food business resilience,labor costs,Number of operations with unpaid labor,nOpsUnpaidWorkers,county,,,"U.S. Department of Agriculture, National Agricultural Statistics Service. (2024). 2022 Census of Agriculture."
economics,food business resilience,labor costs,Number of short-term workers,nWorkersLE150,county,,,"U.S. Department of Agriculture, National Agricultural Statistics Service. (2024). 2022 Census of Agriculture."
economics,food business resilience,labor costs,Number of unpaid workers,nUnpaidWorkers,county,,,"U.S. Department of Agriculture, National Agricultural Statistics Service. (2024). 2022 Census of Agriculture."
economics,food business resilience,market mix,NONE,NONE,,x,,
economics,food business resilience,marketplace,NONE,NONE,,x,,
economics,food business resilience,operations diversification,"Farms, direct-to-consumer sales as a percent of all farm sales",d2cSalesPerc,county,x,,"U.S. Department of Agriculture, National Agricultural Statistical Survey, Census of Agriculture"
economics,food business resilience,operations diversification,"On farm market, number of businesses",nOnFarmMarket,county,,"not good metrics, and no updates","U.S. Department of Agriculture, Local Food Directories"
economics,food business resilience,operations diversification,"Agritourism, sales as a percent of all farm sales",agTourSalesPerc,county,x,,"U.S. Department of Agriculture, National Agricultural Statistical Survey, Census of Agriculture"
economics,food business resilience,operations diversification,"Farms, local marketing channel sales as a percent of all farm sales",localSalesPerc,county,x,,"U.S. Department of Agriculture, National Agricultural Statistical Survey, Census of Agriculture"
economics,food business resilience,total costs,Expenses per operation,expPF,county,,,"U.S. Department of Agriculture, National Agricultural Statistics Service. (2024). 2022 Census of Agriculture."
economics,food business resilience,use of ag/farm/crop insurance,Proportion of area (by county) affected by FSA emergency declarations,propAreaFsaSecDisasters,state,x,,"U.S. Department of Agriculture, Farm Service Agency Disaster Assistance"
economics,local distribution chains,Percentage of local farm inputs,NONE,NONE,,x,,
economics,tbd index,market vacancy/health index,NONE,NONE,,x,,
economics,tbd index,precarity index,NONE,NONE,,x,,
economics,utilities,utils,Civilian Labor Force,civLaborForce,county,,,"U.S. Department of Labor, Bureau of Labor Statistics, Local Area Unemployment Statistics (LAUS)"
economics,value from rural landscape,diversity of farm types,NONE,NONE,,x,,
environment,"carbon, ghg, nutrients",carbon fluxes,CH4 emissions from enteric fermentation american bison (Tg),CH4FermentBison,state,,,U.S. Environmental Protection Agency State GHG Data (2024).
environment,"carbon, ghg, nutrients",carbon fluxes,CH4 emissions from enteric fermentation beef cattle (Tg),CH4FermentBeefCattle,state,,,U.S. Environmental Protection Agency State GHG Data (2024).
environment,"carbon, ghg, nutrients",carbon fluxes,CH4 emissions from enteric fermentation dairy cattle (Tg),CH4FermentDairyCattle,state,,,U.S. Environmental Protection Agency State GHG Data (2024).
environment,"carbon, ghg, nutrients",carbon fluxes,CH4 emissions from enteric fermentation goats (Tg),CH4FermentGoats,state,,,U.S. Environmental Protection Agency State GHG Data (2024).
environment,"carbon, ghg, nutrients",carbon fluxes,CH4 emissions from enteric fermentation horses (Tg),CH4FermentHorses,state,,,U.S. Environmental Protection Agency State GHG Data (2024).
environment,"carbon, ghg, nutrients",carbon fluxes,CH4 emissions from enteric fermentation mules and asses (Tg),CH4FermentMulesAsses,state,,,U.S. Environmental Protection Agency State GHG Data (2024).
environment,"carbon, ghg, nutrients",carbon fluxes,CH4 emissions from enteric fermentation sheep (Tg),CH4FermentSheep,state,,,U.S. Environmental Protection Agency State GHG Data (2024).
environment,"carbon, ghg, nutrients",carbon fluxes,CH4 emissions from enteric fermentation swine (Tg),CH4FermentSwine,state,,,U.S. Environmental Protection Agency State GHG Data (2024).
environment,"carbon, ghg, nutrients",carbon fluxes,CH4 emissions from field burning of residues cereals (Tg),CH4FieldResiduesCereals,state,,,U.S. Environmental Protection Agency State GHG Data (2024).
environment,"carbon, ghg, nutrients",carbon fluxes,CH4 emissions from field burning of residues other (Tg),CH4FieldResiduesOther,state,,,U.S. Environmental Protection Agency State GHG Data (2024).
environment,"carbon, ghg, nutrients",carbon fluxes,CH4 emissions from field burning of residues pulses (Tg),CH4FieldResiduesPulses,state,,,U.S. Environmental Protection Agency State GHG Data (2024).
environment,"carbon, ghg, nutrients",carbon fluxes,CH4 emissions from field burning of residues sugarcane (Tg),CH4FieldResiduesSugarcane,state,,,U.S. Environmental Protection Agency State GHG Data (2024).
environment,"carbon, ghg, nutrients",carbon fluxes,CH4 emissions from field burning of residues tubers and roots (Tg),CH4FieldResiduesTubersRoots,state,,,U.S. Environmental Protection Agency State GHG Data (2024).
environment,"carbon, ghg, nutrients",carbon fluxes,CH4 emissions from manure management american bison (Tg),CH4ManureBison,state,,,U.S. Environmental Protection Agency State GHG Data (2024).
environment,"carbon, ghg, nutrients",carbon fluxes,CH4 emissions from manure management beef cattle (Tg),CH4ManureBeefCattle,state,,,U.S. Environmental Protection Agency State GHG Data (2024).
environment,"carbon, ghg, nutrients",carbon fluxes,CH4 emissions from manure management dairy cattle (Tg),CH4ManureDairyCattle,state,,,U.S. Environmental Protection Agency State GHG Data (2024).
environment,"carbon, ghg, nutrients",carbon fluxes,CH4 emissions from manure management goats (Tg),CH4ManureGoats,state,,,U.S. Environmental Protection Agency State GHG Data (2024).
environment,"carbon, ghg, nutrients",carbon fluxes,CH4 emissions from manure management horses (Tg),CH4ManureHorses,state,,,U.S. Environmental Protection Agency State GHG Data (2024).
environment,"carbon, ghg, nutrients",carbon fluxes,CH4 emissions from manure management mules and asses (Tg),CH4ManureMulesAsses,state,,,U.S. Environmental Protection Agency State GHG Data (2024).
environment,"carbon, ghg, nutrients",carbon fluxes,CH4 emissions from manure management poultry (Tg),CH4ManurePoultry,state,,,U.S. Environmental Protection Agency State GHG Data (2024).
environment,"carbon, ghg, nutrients",carbon fluxes,CH4 emissions from manure management sheep (Tg),CH4ManureSheep,state,,,U.S. Environmental Protection Agency State GHG Data (2024).
environment,"carbon, ghg, nutrients",carbon fluxes,CH4 emissions from manure management swine (Tg),CH4ManureSwine,state,,,U.S. Environmental Protection Agency State GHG Data (2024).
environment,"carbon, ghg, nutrients",carbon fluxes,CH4 emissions from rice cultivation rice cultivation  (Tg),CH4RiceCultivation,state,,,U.S. Environmental Protection Agency State GHG Data (2024).
environment,"carbon, ghg, nutrients",carbon fluxes,"CO2 emissions from liming, urea application and other fertilizers liming dolomite (Tg)",CO2UreaLimingDolomite,state,,,U.S. Environmental Protection Agency State GHG Data (2024).
environment,"carbon, ghg, nutrients",carbon fluxes,"CO2 emissions from liming, urea application and other fertilizers liming limestone (Tg)",CO2UreaLimingLimestone,state,,,U.S. Environmental Protection Agency State GHG Data (2024).
environment,"carbon, ghg, nutrients",carbon fluxes,"CO2 emissions from liming, urea application and other fertilizers urea fertilization  (Tg)",CO2UreaUreaFertilization,state,,,U.S. Environmental Protection Agency State GHG Data (2024).
environment,"carbon, ghg, nutrients",carbon fluxes,N2O emissions from direct and indirect n2o emissions from soils agricultural soil management cropland (Tg),N2OSoilCropland,state,,,U.S. Environmental Protection Agency State GHG Data (2024).
environment,"carbon, ghg, nutrients",carbon fluxes,N2O emissions from direct and indirect n2o emissions from soils agricultural soil management grassland (Tg),N2OSoilGrassland,state,,,U.S. Environmental Protection Agency State GHG Data (2024).
environment,"carbon, ghg, nutrients",carbon fluxes,N2O emissions from field burning of residues cereals (Tg),N2OFieldResiduesCereals,state,,,U.S. Environmental Protection Agency State GHG Data (2024).
environment,"carbon, ghg, nutrients",carbon fluxes,N2O emissions from field burning of residues other (Tg),N2OFieldResiduesOther,state,,,U.S. Environmental Protection Agency State GHG Data (2024).
environment,"carbon, ghg, nutrients",carbon fluxes,N2O emissions from field burning of residues pulses (Tg),N2OFieldResiduesPulses,state,,,U.S. Environmental Protection Agency State GHG Data (2024).
environment,"carbon, ghg, nutrients",carbon fluxes,N2O emissions from field burning of residues sugarcane (Tg),N2OFieldResiduesSugarcane,state,,,U.S. Environmental Protection Agency State GHG Data (2024).
environment,"carbon, ghg, nutrients",carbon fluxes,N2O emissions from field burning of residues tubers and roots (Tg),N2OFieldResiduesTubersRoots,state,,,U.S. Environmental Protection Agency State GHG Data (2024).
environment,"carbon, ghg, nutrients",carbon fluxes,N2O emissions from manure management beef cattle (Tg),N2OManureBeefCattle,state,,,U.S. Environmental Protection Agency State GHG Data (2024).
environment,"carbon, ghg, nutrients",carbon fluxes,N2O emissions from manure management dairy cattle (Tg),N2OManureDairyCattle,state,,,U.S. Environmental Protection Agency State GHG Data (2024).
environment,"carbon, ghg, nutrients",carbon fluxes,N2O emissions from manure management dairy heifers (Tg),N2OManureDairyHeifers,state,,,U.S. Environmental Protection Agency State GHG Data (2024).
environment,"carbon, ghg, nutrients",carbon fluxes,N2O emissions from manure management goats (Tg),N2OManureGoats,state,,,U.S. Environmental Protection Agency State GHG Data (2024).
environment,"carbon, ghg, nutrients",carbon fluxes,N2O emissions from manure management horses (Tg),N2OManureHorses,state,,,U.S. Environmental Protection Agency State GHG Data (2024).
environment,"carbon, ghg, nutrients",carbon fluxes,N2O emissions from manure management mules and asses (Tg),N2OManureMulesAsses,state,,,U.S. Environmental Protection Agency State GHG Data (2024).
environment,"carbon, ghg, nutrients",carbon fluxes,N2O emissions from manure management poultry (Tg),N2OManurePoultry,state,,,U.S. Environmental Protection Agency State GHG Data (2024).
environment,"carbon, ghg, nutrients",carbon fluxes,N2O emissions from manure management sheep (Tg),N2OManureSheep,state,,,U.S. Environmental Protection Agency State GHG Data (2024).
environment,"carbon, ghg, nutrients",carbon fluxes,N2O emissions from manure management swine (Tg),N2OManureSwine,state,,,U.S. Environmental Protection Agency State GHG Data (2024).
environment,"carbon, ghg, nutrients",carbon fluxes,Subsector CH4 emissions from agriculture: enteric fermentation (Tg),CH4AgFerment,state,,,U.S. Environmental Protection Agency State GHG Data (2024).
environment,"carbon, ghg, nutrients",carbon fluxes,Subsector CH4 emissions from agriculture: field burning of residues (Tg),CH4AgFieldResidues,state,,,U.S. Environmental Protection Agency State GHG Data (2024).
environment,"carbon, ghg, nutrients",carbon fluxes,Subsector CH4 emissions from agriculture: manure management (Tg),CH4AgManure,state,,,U.S. Environmental Protection Agency State GHG Data (2024).
environment,"carbon, ghg, nutrients",carbon fluxes,Subsector CH4 emissions from agriculture: rice cultivation (Tg),CH4Ag,state,,,U.S. Environmental Protection Agency State GHG Data (2024).
environment,"carbon, ghg, nutrients",carbon fluxes,"Subsector CO2 emissions from agriculture: co2 emissions from liming, urea application and other fertilizers (Tg)",CO2AgCo2EmissionsFromUrea,state,,,U.S. Environmental Protection Agency State GHG Data (2024).
environment,"carbon, ghg, nutrients",carbon fluxes,Subsector N2O emissions from agriculture: direct and indirect n2o emissions from soils (Tg),N2OAgDirectIndirectN2OEmissionsFromSoils,state,,,U.S. Environmental Protection Agency State GHG Data (2024).
environment,"carbon, ghg, nutrients",carbon fluxes,Subsector N2O emissions from agriculture: field burning of residues (Tg),N2OAgFieldResidues,state,,,U.S. Environmental Protection Agency State GHG Data (2024).
environment,"carbon, ghg, nutrients",carbon fluxes,Subsector N2O emissions from agriculture: manure management (Tg),N2OAgManure,state,,,U.S. Environmental Protection Agency State GHG Data (2024).
environment,"carbon, ghg, nutrients",carbon fluxes,Total CH4 emissions from agriculture (Tg),CH4FromAg,state,x,,U.S. Environmental Protection Agency State GHG Data (2024).
environment,"carbon, ghg, nutrients",carbon fluxes,Total CO2 emissions from agriculture (Tg),CO2FromAg,state,x,,U.S. Environmental Protection Agency State GHG Data (2024).
environment,"carbon, ghg, nutrients",carbon fluxes,Total N2O emissions from agriculture (Tg),N2OFromAg,state,x,,U.S. Environmental Protection Agency State GHG Data (2024).
environment,"carbon, ghg, nutrients",carbon fluxes,Air pollution - particulate matter,airPollutionParticulateMatter,county,x,,"University of Wisconsin Population Health Institute, County Health Rankings and Roadmaps. (2024)"
environment,"carbon, ghg, nutrients",carbon stocks,Forest carbon - dead and down,forestCarbonDeadDown,county,x,,TreeMap 2016: A tree-level model of the forests of the conterminous United States circa 2016
environment,"carbon, ghg, nutrients",carbon stocks,Forest carbon - live standing,forestCarbonLive,county,x,,TreeMap 2016: A tree-level model of the forests of the conterminous United States circa 2016
environment,"carbon, ghg, nutrients",carbon stocks,Forest carbon - standing dead,forestCarbonDeadStanding,county,x,,TreeMap 2016: A tree-level model of the forests of the conterminous United States circa 2016
environment,"carbon, ghg, nutrients",embodied carbon,Operations using geoexchange,geoexchangeNOps,state,x,raw n is no good here,"U.S. Department of Agriculture, National Agricultural Statistics Service. (2024). 2022 Census of Agriculture."
environment,"carbon, ghg, nutrients",embodied carbon,Operations with methane digesters,methaneNOps,state,x,raw n is no good here,"U.S. Department of Agriculture, National Agricultural Statistics Service. (2024). 2022 Census of Agriculture."
environment,"carbon, ghg, nutrients",embodied carbon,Operations with solar power,solarNOps,state,x,raw n is no good here,"U.S. Department of Agriculture, National Agricultural Statistics Service. (2024). 2022 Census of Agriculture."
environment,"carbon, ghg, nutrients",embodied carbon,Operations with wind power,windTurbinesNOps,state,x,raw n is no good here,"U.S. Department of Agriculture, National Agricultural Statistics Service. (2024). 2022 Census of Agriculture."
environment,"carbon, ghg, nutrients",embodied carbon,Operations with wind turbines rented to others,windRentedToOthersNOps,state,,raw n is no good here,"U.S. Department of Agriculture, National Agricultural Statistics Service. (2024). 2022 Census of Agriculture."
environment,env index tbd,env ind tbd,Acres under conservation easement per operation,consEasementAcresPF,state,,where should these go now,"U.S. Department of Agriculture, National Agricultural Statistics Service. (2024). 2022 Census of Agriculture."
environment,env index tbd,env ind tbd,Acres under conservation easements,consEasementAcres,state,,where should these go now,"U.S. Department of Agriculture, National Agricultural Statistics Service. (2024). 2022 Census of Agriculture."
environment,env index tbd,env ind tbd,Conservation income per operation,consIncomePF,state,,where should these go now,"U.S. Department of Agriculture, National Agricultural Statistics Service. (2024). 2022 Census of Agriculture."
environment,env index tbd,env ind tbd,"Conservation tillage acres, excluding no-till",consTillExclNoTillAcres,state,,where should these go now,"U.S. Department of Agriculture, National Agricultural Statistics Service. (2024). 2022 Census of Agriculture."
environment,env index tbd,env ind tbd,"Conservation tillage acres, excluding no-till, per operation",consTillExclNoTillAcresPF,state,,where should these go now,"U.S. Department of Agriculture, National Agricultural Statistics Service. (2024). 2022 Census of Agriculture."
environment,env index tbd,env ind tbd,"Conservation tillage, no-till acres",consTillNoTillAcres,state,,where should these go now,"U.S. Department of Agriculture, National Agricultural Statistics Service. (2024). 2022 Census of Agriculture."
environment,env index tbd,env ind tbd,"Conservation tillage, no-till acres per operation",consTillNoTillAcresPF,state,,where should these go now,"U.S. Department of Agriculture, National Agricultural Statistics Service. (2024). 2022 Census of Agriculture."
environment,env index tbd,env ind tbd,"Conservation tillage, no-till, operations",consTillNoTillNOps,state,,where should these go now,"U.S. Department of Agriculture, National Agricultural Statistics Service. (2024). 2022 Census of Agriculture."
environment,env index tbd,env ind tbd,"Cover crop practices, excluding CRP, acres",coverCropExclCrpAcres,state,,where should these go now,"U.S. Department of Agriculture, National Agricultural Statistics Service. (2024). 2022 Census of Agriculture."
environment,env index tbd,env ind tbd,"Cover crop practices, excluding CRP, acres per operation",coverCropExclCrpAcresPF,state,,where should these go now,"U.S. Department of Agriculture, National Agricultural Statistics Service. (2024). 2022 Census of Agriculture."
environment,env index tbd,env ind tbd,"Cover crop practices, excluding CRP, operations",coverCropExclCrpNOps,state,,where should these go now,"U.S. Department of Agriculture, National Agricultural Statistics Service. (2024). 2022 Census of Agriculture."
environment,env index tbd,env ind tbd,Fertilizer expenses as a percentage of operations expenses,fertExpensePercOpExp,state,,where should these go now,"U.S. Department of Agriculture, National Agricultural Statistics Service. (2024). 2022 Census of Agriculture."
environment,env index tbd,env ind tbd,Operations practicing alley cropping or silvapasture,alleyCropSilvapastureNOps,state,,where should these go now,"U.S. Department of Agriculture, National Agricultural Statistics Service. (2024). 2022 Census of Agriculture."
environment,env index tbd,env ind tbd,Operations using precision agriculture,precisionAgNOps,state,,where should these go now,"U.S. Department of Agriculture, National Agricultural Statistics Service. (2024). 2022 Census of Agriculture."
environment,env index tbd,env ind tbd,Operations using renewable energy,renewableNOps,state,,where should these go now,"U.S. Department of Agriculture, National Agricultural Statistics Service. (2024). 2022 Census of Agriculture."
environment,env index tbd,env ind tbd,Operations using rotational or intensive grazing,rotateIntenseGrazeNOps,state,,where should these go now,"U.S. Department of Agriculture, National Agricultural Statistics Service. (2024). 2022 Census of Agriculture."
environment,env index tbd,env ind tbd,"Operations with conseration tillage, excluding no-till",consTillExclNoTillNOps,state,,where should these go now,"U.S. Department of Agriculture, National Agricultural Statistics Service. (2024). 2022 Census of Agriculture."
environment,env index tbd,env ind tbd,Operations with conservation easements,consEasementNOps,state,,where should these go now,"U.S. Department of Agriculture, National Agricultural Statistics Service. (2024). 2022 Census of Agriculture."
environment,env index tbd,env ind tbd,Operations with conservation income,consIncomeNOps,state,,where should these go now,"U.S. Department of Agriculture, National Agricultural Statistics Service. (2024). 2022 Census of Agriculture."
environment,env index tbd,env ind tbd,Operations with fertilizer expenses,fertExpenseOpsWithExp,state,,where should these go now,"U.S. Department of Agriculture, National Agricultural Statistics Service. (2024). 2022 Census of Agriculture."
environment,env index tbd,env ind tbd,Total conservation income,consIncomeTotal,state,,where should these go now,"U.S. Department of Agriculture, National Agricultural Statistics Service. (2024). 2022 Census of Agriculture."
environment,env index tbd,env ind tbd,Total fertilizer expenses,fertExpenseTotal,state,,where should these go now,"U.S. Department of Agriculture, National Agricultural Statistics Service. (2024). 2022 Census of Agriculture."
environment,forest,forest complexity,NONE,NONE,,x,,
environment,forest,forest health,Dead trees per forested acre,forestDeadTrees,county,x,need more complexity,TreeMap 2016: A tree-level model of the forests of the conterminous United States circa 2016
environment,forest,forest health,Forest canopy cover,forestCanopyCover,county,x,,TreeMap 2016: A tree-level model of the forests of the conterminous United States circa 2016
environment,forest,forest health,Forest live tree volume per acre,forestLiveTreeVolume,county,x,,TreeMap 2016: A tree-level model of the forests of the conterminous United States circa 2016
environment,forest,forest health,Forest stand height,forestStandHeight,county,x,,TreeMap 2016: A tree-level model of the forests of the conterminous United States circa 2016
environment,forest,forest health,Live trees per forested acre,forestLiveTrees,county,x,,TreeMap 2016: A tree-level model of the forests of the conterminous United States circa 2016
environment,species and habitat,biodiversity,Percentage of animal species at risk,pctAtRiskAnimalSpp,,x,,
environment,species and habitat,biodiversity,Percentage of bee species at risk,pctAtRiskBeeSpp,,x,,
environment,species and habitat,biodiversity,Percentage of orchid species at risk,pctAtRiskOrchidSpp,,x,,
environment,species and habitat,biodiversity,Percentage of plant species at risk,pctAtRiskPlantSpp,,x,,
environment,species and habitat,biodiversity,Total number of animal species,sppAnimals,,x,,
environment,species and habitat,biodiversity,Total number of bee species,sppBees,,x,,
environment,species and habitat,biodiversity,Total number of orchid species,sppOrchids,,x,,
environment,species and habitat,biodiversity,Total number of plant species,sppPlants,,x,,
environment,species and habitat,land use diversity,"LULC, proportion, barren land",lulcPropBarrenLand,"county, state",,,"U.S. Geological Survey, Multi-Resolution Land Characteristics Consortium (2024). Sioux Falls, SD"
environment,species and habitat,land use diversity,"LULC, proportion, cultivated crops",lulcPropCultCrops,"county, state",,,"U.S. Geological Survey, Multi-Resolution Land Characteristics Consortium (2024). Sioux Falls, SD"
environment,species and habitat,land use diversity,"LULC, proportion, deciduous forest",lulcPropDecForest,"county, state",,,"U.S. Geological Survey, Multi-Resolution Land Characteristics Consortium (2024). Sioux Falls, SD"
environment,species and habitat,land use diversity,"LULC, proportion, developed, high intensity",lulcPropDevHighInt,"county, state",,,"U.S. Geological Survey, Multi-Resolution Land Characteristics Consortium (2024). Sioux Falls, SD"
environment,species and habitat,land use diversity,"LULC, proportion, developed, low intensity",lulcPropDevLowInt,"county, state",,,"U.S. Geological Survey, Multi-Resolution Land Characteristics Consortium (2024). Sioux Falls, SD"
environment,species and habitat,land use diversity,"LULC, proportion, developed, medium intensity",lulcPropDevMedInt,"county, state",,,"U.S. Geological Survey, Multi-Resolution Land Characteristics Consortium (2024). Sioux Falls, SD"
environment,species and habitat,land use diversity,"LULC, proportion, developed, open space",lulcPropDevOpenSpace,"county, state",,,"U.S. Geological Survey, Multi-Resolution Land Characteristics Consortium (2024). Sioux Falls, SD"
environment,species and habitat,land use diversity,"LULC, proportion, emergent herbaceous wetlands",lulcPropHerbWetlands,"county, state",,,"U.S. Geological Survey, Multi-Resolution Land Characteristics Consortium (2024). Sioux Falls, SD"
environment,species and habitat,land use diversity,"LULC, proportion, evergreen forest",lulcPropEvergreenForest,"county, state",,,"U.S. Geological Survey, Multi-Resolution Land Characteristics Consortium (2024). Sioux Falls, SD"
environment,species and habitat,land use diversity,"LULC, proportion, grassland/herbaceous",lulcPropGrasslandHerb,"county, state",,,"U.S. Geological Survey, Multi-Resolution Land Characteristics Consortium (2024). Sioux Falls, SD"
environment,species and habitat,land use diversity,"LULC, proportion, mixed forest",lulcPropMixedForest,"county, state",,,"U.S. Geological Survey, Multi-Resolution Land Characteristics Consortium (2024). Sioux Falls, SD"
environment,species and habitat,land use diversity,"LULC, proportion, open water",lulcPropOpenWater,"county, state",,,"U.S. Geological Survey, Multi-Resolution Land Characteristics Consortium (2024). Sioux Falls, SD"
environment,species and habitat,land use diversity,"LULC, proportion, pasture/hay",lulcPropPasture,"county, state",,,"U.S. Geological Survey, Multi-Resolution Land Characteristics Consortium (2024). Sioux Falls, SD"
environment,species and habitat,land use diversity,"LULC, proportion, shrub/scrub",lulcPropShrub,"county, state",,,"U.S. Geological Survey, Multi-Resolution Land Characteristics Consortium (2024). Sioux Falls, SD"
environment,species and habitat,land use diversity,"LULC, proportion, woody wetlands",lulcPropWoodyWetlands,"county, state",,,"U.S. Geological Survey, Multi-Resolution Land Characteristics Consortium (2024). Sioux Falls, SD"
environment,species and habitat,land use diversity,Land Use Diversity,lulcDiversity,"county, state",x,,"U.S. Geological Survey, Multi-Resolution Land Characteristics Consortium (2024). Sioux Falls, SD"
environment,species and habitat,sensitive or rare habitats,Percentage of ecosystems at risk,pctAtRiskEcosystems,,x,,
environment,species and habitat,sensitive or rare habitats,Total number of ecosystems,nEcosystems,,x,,
environment,water,water quality,Acidity condition class,lakesAcidCond,state,,"state level, categorical","U.S. Environmental Protection Agency, National Aquatic Resource Surveys, 2022"
environment,water,water quality,"Bed sediment condition, based on log relative bed stability (LRBS_use)",riversBedsedCond,state,,"state level, categorical","U.S. Environmental Protection Agency, National Aquatic Resource Surveys, 2022"
environment,water,water quality,"Condition based on ANC, DOC, and sulfate",riversAcidCond,state,,"state level, categorical","U.S. Environmental Protection Agency, National Aquatic Resource Surveys, 2022"
environment,water,water quality,Condition class based on benthic MMI score,riversBentMmiCond,state,,"state level, categorical","U.S. Environmental Protection Agency, National Aquatic Resource Surveys, 2022"
environment,water,water quality,Condition class based on total nitrogen,lakesNtlCond,state,,"state level, categorical","U.S. Environmental Protection Agency, National Aquatic Resource Surveys, 2022"
environment,water,water quality,Condition class based on total phosphorus,lakesPtlCond,state,,"state level, categorical","U.S. Environmental Protection Agency, National Aquatic Resource Surveys, 2022"
environment,water,water quality,"Condition for Chlorophyll a indicator, based on CHLX",lakesChlaCond,state,,"state level, categorical","U.S. Environmental Protection Agency, National Aquatic Resource Surveys, 2022"
environment,water,water quality,Cylindrospermopsin condition based on EPA benchmark,lakesCylsperEpaCond,state,,"state level, categorical","U.S. Environmental Protection Agency, National Aquatic Resource Surveys, 2022"
environment,water,water quality,Enterococci condition category,lakesEnt1XStvCond,state,,"state level, categorical","U.S. Environmental Protection Agency, National Aquatic Resource Surveys, 2022"
environment,water,water quality,"Fish assemblage condition, based on regional Fish MMI.",riversFishMmiCond,state,,"state level, categorical","U.S. Environmental Protection Agency, National Aquatic Resource Surveys, 2022"
environment,water,water quality,"Instream cover condition, based in log natural fish cover (L_XFC_NAT)",riversInstrmcvrCond,state,,"state level, categorical","U.S. Environmental Protection Agency, National Aquatic Resource Surveys, 2022"
environment,water,water quality,Lake habitat complexity condition class,lakesLitripcvrCond,state,x,"state level, categorical","U.S. Environmental Protection Agency, National Aquatic Resource Surveys, 2022"
environment,water,water quality,Microcystin condition based on EPA benchmark,lakesMicxEpaCond,state,,"state level, categorical","U.S. Environmental Protection Agency, National Aquatic Resource Surveys, 2022"
environment,water,water quality,Riparian vegetation condition class,lakesRvegCond,state,x,"state level, categorical","U.S. Environmental Protection Agency, National Aquatic Resource Surveys, 2022"
environment,water,water quality,"Riparian vegetation condition, based on L_XCMGW",riversRipvegCond,state,x,"state level, categorical","U.S. Environmental Protection Agency, National Aquatic Resource Surveys, 2022"
environment,water,water quality,Shallow water habitat condition class,lakesLitcvrCond,state,,"state level, categorical","U.S. Environmental Protection Agency, National Aquatic Resource Surveys, 2022"
environment,water,water quality,Site condition class based on conductivity,riversSalCond,state,x,"state level, categorical","U.S. Environmental Protection Agency, National Aquatic Resource Surveys, 2022"
environment,water,water quality,Site condition class based on total nitrogen concentration,riversNtlCond,state,x,"state level, categorical","U.S. Environmental Protection Agency, National Aquatic Resource Surveys, 2022"
environment,water,water quality,Site condition class based on total phosphorus concentration,riversPtlCond,state,x,"state level, categorical","U.S. Environmental Protection Agency, National Aquatic Resource Surveys, 2022"
environment,water,water quantity,Acre feet of irrigation from reclaimed water,waterIrrReclaimedAcreFt,state,,lots of missing data,"U.S. Department of Agriculture, National Agricultural Statistics Service. (2024). 2022 Census of Agriculture."
environment,water,water quantity,Acres drained by ditches,drainedDitchesAcres,state,,raw n is no good here,"U.S. Department of Agriculture, National Agricultural Statistics Service. (2024). 2022 Census of Agriculture."
environment,water,water quantity,Acres drained by ditches per farm,drainedDitchesAcresPF,state,,raw n is no good here,"U.S. Department of Agriculture, National Agricultural Statistics Service. (2024). 2022 Census of Agriculture."
environment,water,water quantity,Acres drained by tile,drainedTileAcres,state,,raw n is no good here,"U.S. Department of Agriculture, National Agricultural Statistics Service. (2024). 2022 Census of Agriculture."
environment,water,water quantity,Acres drained by tile per operation,drainedTileAcresPF,state,,raw n is no good here,"U.S. Department of Agriculture, National Agricultural Statistics Service. (2024). 2022 Census of Agriculture."
environment,water,water quantity,Acres irrigated with reclaimed water in open areas,waterIrrReclaimedOpenAcres,state,,raw n is no good here,"U.S. Department of Agriculture, National Agricultural Statistics Service. (2024). 2022 Census of Agriculture."
environment,water,water quantity,Depth of irrigation wells,wellsIrrigationDepthFt,state,,"raw n is no good here, might need number of wells too, if we aggregate","U.S. Department of Agriculture, National Agricultural Statistics Service. (2024). 2022 Census of Agriculture."
environment,water,water quantity,Expenses from water for irrigation sourced off-farm per acre,waterIrrSrcOffFarmExpPerAcre,state,,raw n is no good here,"U.S. Department of Agriculture, National Agricultural Statistics Service. (2024). 2022 Census of Agriculture."
environment,water,water quantity,Expenses from water for irrigation sourced off-farm per acre foot,waterIrrSrcOffFarmExpPerAcreFt,state,x,raw n is no good here,"U.S. Department of Agriculture, National Agricultural Statistics Service. (2024). 2022 Census of Agriculture."
environment,water,water quantity,Number of irrigation wells,wellsIrrigationN,state,,raw n is no good here,"U.S. Department of Agriculture, National Agricultural Statistics Service. (2024). 2022 Census of Agriculture."
environment,water,water quantity,Operations irrigating with reclaimed water in open areas,waterIrrReclaimedOpenAreaNOps,state,,raw n is no good here,"U.S. Department of Agriculture, National Agricultural Statistics Service. (2024). 2022 Census of Agriculture."
environment,water,water quantity,Operations with irrigation wells,wellsIrrigationNOps,state,,raw n is no good here,"U.S. Department of Agriculture, National Agricultural Statistics Service. (2024). 2022 Census of Agriculture."
environment,water,water quantity,Operations with acres drained by tile,drainedTileNOps,state,,raw n is no good here,"U.S. Department of Agriculture, National Agricultural Statistics Service. (2024). 2022 Census of Agriculture."
environment,water,water quantity,Operations with drained acres by tile,drainedDitchesNOps,state,,raw n is no good here,"U.S. Department of Agriculture, National Agricultural Statistics Service. (2024). 2022 Census of Agriculture."
environment,water,water quantity,Operations with expenses from water for irrigation sourced off-farm,waterIrrSrcOffFarmNOpsWithExp,state,,raw n is no good here,"U.S. Department of Agriculture, National Agricultural Statistics Service. (2024). 2022 Census of Agriculture."
environment,water,water quantity,Total expenses from water for irrigation sourced off-farm,waterIrrSrcOffFarmExp,state,x,looks complete,"U.S. Department of Agriculture, National Agricultural Statistics Service. (2024). 2022 Census of Agriculture."
environment,water,water quantity,Weeks of extreme drought,droughtWeeksSevere,county,,,"U.S. Department of Agriculture, U.S. Drought Monitor. (2024)."
environment,water,water quantity,Weeks of severe drought,droughtWeeksExtreme,county,,,"U.S. Department of Agriculture, U.S. Drought Monitor. (2024)."
environment,water,water quantity,Mean percent area in drought,droughtMeanPercArea,county,x,,"U.S. Department of Agriculture, U.S. Drought Monitor. (2024)."
health,education,educational attainment,Percentage with bachelor's degree,edPercBS,county,,,"U.S. Census Bureau, American Community Survey: 5-Year Estimates: Detailed Tables, 2022"
health,education,educational attainment,"Percentage with high school diploma, GED, or equivalent",edPercHSGED,county,,,"U.S. Census Bureau, American Community Survey: 5-Year Estimates: Detailed Tables, 2022"
health,education,educational attainment,High school completion,highSchoolCompletion,county,,,"University of Wisconsin Population Health Institute, County Health Rankings and Roadmaps. (2024)"
health,education,educational attainment,High school graduation,highSchoolGraduation,county,,,"University of Wisconsin Population Health Institute, County Health Rankings and Roadmaps. (2024)"
health,education,educational attainment,Math scores,mathScores,county,,,"University of Wisconsin Population Health Institute, County Health Rankings and Roadmaps. (2024)"
health,education,educational attainment,Reading scores,readingScores,county,,,"University of Wisconsin Population Health Institute, County Health Rankings and Roadmaps. (2024)"
health,education,educational attainment,School funding adequacy,schoolFundingAdequacy,county,,,"University of Wisconsin Population Health Institute, County Health Rankings and Roadmaps. (2024)"
health,education,educational attainment,Some college,someCollege,county,,,"University of Wisconsin Population Health Institute, County Health Rankings and Roadmaps. (2024)"
health,food security,access to culturally appropriate food,SFAs serving culturally relevant food,sfaCulturallyRelevant,state,x,,U.S. Department of Agriculture Food and Nutrition Service Farm to School Program Census (2023).
health,food security,dietary quality,SFAs percentage of spending on local food,sfaLocalFoodCosts,state,x,,U.S. Department of Agriculture Food and Nutrition Service Farm to School Program Census (2023).
health,food security,dietary quality,SFAs serving local food,sfaServeLocal,state,x,,U.S. Department of Agriculture Food and Nutrition Service Farm to School Program Census (2023).
health,food security,dietary quality,SFAs with Farm to School program,sfaFarmToSchool,state,x,,U.S. Department of Agriculture Food and Nutrition Service Farm to School Program Census (2023).
health,food security,food access,"Community Supported Agriculture (CSA), number of businesses",nCSA,county,x,raw - weight this,"U.S. Department of Agriculture, Local Food Directories"
health,food security,food access,"Farmers markets, number of businesses",nFarmersMarket,county,x,raw - weight this,"U.S. Department of Agriculture, Local Food Directories"
health,food security,food access,"Grocery stores/1,000 pop",nGrocPTH,county,x,,"U.S. Department of Agriculture, Economic Research Service, Food Environment Atlas, Food Environment Atlas"
health,food security,food access,Limited access to healthy foods,limitedAccessToHealthyFoods,county,x,,"University of Wisconsin Population Health Institute, County Health Rankings and Roadmaps. (2024)"
health,food security,food affordability,"SNAP participation rates, all eligible people",snapPercPart,county,x,,"U.S. Department of Agriculture, Food and Nutrition Service, Supplemental Nutrition Assistance Program (SNAP)"
health,food security,food affordability,"SNAP-authorized stores/1,000 pop",nSnapGrocPTH,county,x,,"U.S. Department of Agriculture, Economic Research Service, Food Environment Atlas, Food Environment Atlas"
health,food security,food affordability,"Specialized food stores/1,000 pop",nSpecGrocPTH,county,x,,"U.S. Department of Agriculture, Economic Research Service, Food Environment Atlas, Food Environment Atlas"
health,food security,food affordability,WIC coverage rate,wicPercPart,county,x,,"U.S. Department of Agriculture, Food and Nutrition Service"
health,food security,food affordability,WIC eligibility rate,wicPercEligible,county,x,,"U.S. Department of Agriculture, Food and Nutrition Service"
health,food security,food affordability,"WIC-authorized stores/1,000 pop",nWicsGrocPTH,county,x,,"U.S. Department of Agriculture, Economic Research Service, Food Environment Atlas, Food Environment Atlas"
health,food security,food agency,NONE,NONE,,x,,
health,food security,food security tbd,"Food insecurity rate, child",foodInsecChild,county,,index - use or not?,"Feeding America, Map the Meal Gap"
health,food security,food security tbd,"Food insecurity rate, overall",foodInsecOverall,county,,index - use or not?,"Feeding America, Map the Meal Gap"
health,food security,food security tbd,Food insecurity,foodInsecurity,county,,index - use or not?,"University of Wisconsin Population Health Institute, County Health Rankings and Roadmaps. (2024)"
health,happiness,happiness tbd,NONE,NONE,,x,,
health,intention to consume pbp,intention to consume pbp tbd,NONE,NONE,,x,,
health,mental health,mental health tbd,Frequent mental distress,frequentMentalDistress,county,,,"University of Wisconsin Population Health Institute, County Health Rankings and Roadmaps. (2024)"
health,mental health,mental health tbd,Poor mental health days,poorMentalHealthDays,county,,,"University of Wisconsin Population Health Institute, County Health Rankings and Roadmaps. (2024)"
health,mental health,mental health tbd,Suicides,suicides,county,,,"University of Wisconsin Population Health Institute, County Health Rankings and Roadmaps. (2024)"
health,mental health,mental health tbd,Mental health providers,mentalHealthProviders,county,,infrastructure?,"University of Wisconsin Population Health Institute, County Health Rankings and Roadmaps. (2024)"
health,physical health,access to care,Access to exercise opportunities,accessToExerciseOpportunities,county,,infrastructure?,"University of Wisconsin Population Health Institute, County Health Rankings and Roadmaps. (2024)"
health,physical health,access to care,Child care centers,childCareCenters,county,x,infrastructure?,"University of Wisconsin Population Health Institute, County Health Rankings and Roadmaps. (2024)"
health,physical health,access to care,Child care cost burden,childCareCostBurden,county,x,infrastructure?,"University of Wisconsin Population Health Institute, County Health Rankings and Roadmaps. (2024)"
health,physical health,access to care,Dentists,dentists,county,,infrastructure?,"University of Wisconsin Population Health Institute, County Health Rankings and Roadmaps. (2024)"
health,physical health,access to care,Mammography screening,mammographyScreening,county,,infrastructure?,"University of Wisconsin Population Health Institute, County Health Rankings and Roadmaps. (2024)"
health,physical health,access to care,Primary care physicians,primaryCarePhysicians,county,,infrastructure?,"University of Wisconsin Population Health Institute, County Health Rankings and Roadmaps. (2024)"
health,physical health,access to care,Uninsured,uninsured,county,x,infrastructure?,"University of Wisconsin Population Health Institute, County Health Rankings and Roadmaps. (2024)"
health,physical health,access to care,Uninsured adults,uninsuredAdults,county,,infrastructure?,"University of Wisconsin Population Health Institute, County Health Rankings and Roadmaps. (2024)"
health,physical health,access to care,Uninsured children,uninsuredChildren,county,,infrastructure?,"University of Wisconsin Population Health Institute, County Health Rankings and Roadmaps. (2024)"
health,physical health,access to care,Flu vaccinations,fluVaccinations,county,,,"University of Wisconsin Population Health Institute, County Health Rankings and Roadmaps. (2024)"
health,physical health,housing supply and quality,Broadband access,broadbandAccess,county,,,"University of Wisconsin Population Health Institute, County Health Rankings and Roadmaps. (2024)"
health,physical health,housing supply and quality,Homeownership,homeownership,county,x,,"University of Wisconsin Population Health Institute, County Health Rankings and Roadmaps. (2024)"
health,physical health,housing supply and quality,Severe housing cost burden,severeHousingCostBurden,county,x,,"University of Wisconsin Population Health Institute, County Health Rankings and Roadmaps. (2024)"
health,physical health,housing supply and quality,Severe housing problems,severeHousingProblems,county,x,,"University of Wisconsin Population Health Institute, County Health Rankings and Roadmaps. (2024)"
health,physical health,housing supply and quality,Median housing age,medianHousingYear,county,,,"U.S. Census Bureau, American Community Survey: 5-Year Estimates: Detailed Tables, 2022"
health,physical health,housing supply and quality,Median rent,rentMedian,county,,,"U.S. Census Bureau, American Community Survey: 5-Year Estimates: Detailed Tables, 2022"
health,physical health,housing supply and quality,Median rent as a percentage of income,rentMedianPercHH,county,x,,"U.S. Census Bureau, American Community Survey: 5-Year Estimates: Detailed Tables, 2022"
health,physical health,housing supply and quality,"Median rent, 1br",rentMedian1BR,county,,,"U.S. Census Bureau, American Community Survey: 5-Year Estimates: Detailed Tables, 2022"
health,physical health,housing supply and quality,"Median rent, 4br",rentMedian4BR,county,,,"U.S. Census Bureau, American Community Survey: 5-Year Estimates: Detailed Tables, 2022"
health,physical health,housing supply and quality,Number of occupied housing units,nHousingOccupied,county,,,"U.S. Census Bureau, American Community Survey: 5-Year Estimates: Detailed Tables, 2022"
health,physical health,housing supply and quality,Number of total housing units,nHousingUnits,county,,,"U.S. Census Bureau, American Community Survey: 5-Year Estimates: Detailed Tables, 2022"
health,physical health,housing supply and quality,Number of vacant housing units,nHousingVacant,county,,,"U.S. Census Bureau, American Community Survey: 5-Year Estimates: Detailed Tables, 2022"
health,physical health,housing supply and quality,Rental vacancy rate,vacancyRate,county,x,,"U.S. Census Bureau, American Community Survey: 5-Year Estimates: Detailed Tables, 2022"
health,physical health,nutritious diets,NONE,NONE,,x,,
health,physical health,physical health tbd,Drinking water violations,drinkingWaterViolations,county,x,infrastructure?,"University of Wisconsin Population Health Institute, County Health Rankings and Roadmaps. (2024)"
health,physical health,physical health tbd,Food environment index,foodEnvironmentIndex,county,,"infrastructure? index, check for redundancy","University of Wisconsin Population Health Institute, County Health Rankings and Roadmaps. (2024)"
health,physical health,physical health tbd,Other primary care providers,otherPrimaryCareProviders,county,,infrastructure?,"University of Wisconsin Population Health Institute, County Health Rankings and Roadmaps. (2024)"
health,physical health,physical health tbd,Health Factor Group,healthFactorGroup,county,,,"University of Wisconsin Population Health Institute, County Health Rankings and Roadmaps. (2024)"
health,physical health,physical health tbd,Health Factor Z-Score,healthFactorZ,county,,"index, check for redundancy","University of Wisconsin Population Health Institute, County Health Rankings and Roadmaps. (2024)"
health,physical health,physical health tbd,Health Outcome Group,healthOutcomeGroup,county,,,"University of Wisconsin Population Health Institute, County Health Rankings and Roadmaps. (2024)"
health,physical health,physical health tbd,Health Outcome Z-Score,healthOutcomeZ,county,,"index, check for redundancy","University of Wisconsin Population Health Institute, County Health Rankings and Roadmaps. (2024)"
health,physical health,physical health tbd,Adult obesity,adultObesity,county,x,,"University of Wisconsin Population Health Institute, County Health Rankings and Roadmaps. (2024)"
health,physical health,physical health tbd,Adult smoking,adultSmoking,county,x,,"University of Wisconsin Population Health Institute, County Health Rankings and Roadmaps. (2024)"
health,physical health,physical health tbd,Child mortality,childMortality,county,,,"University of Wisconsin Population Health Institute, County Health Rankings and Roadmaps. (2024)"
health,physical health,physical health tbd,Diabetes prevalence,diabetesPrevalence,county,x,,"University of Wisconsin Population Health Institute, County Health Rankings and Roadmaps. (2024)"
health,physical health,physical health tbd,Drug overdose deaths,drugOverdoseDeaths,county,x,,"University of Wisconsin Population Health Institute, County Health Rankings and Roadmaps. (2024)"
health,physical health,physical health tbd,Excessive drinking,excessiveDrinking,county,x,,"University of Wisconsin Population Health Institute, County Health Rankings and Roadmaps. (2024)"
health,physical health,physical health tbd,Firearm fatalities,firearmFatalities,county,,,"University of Wisconsin Population Health Institute, County Health Rankings and Roadmaps. (2024)"
health,physical health,physical health tbd,Frequent physical distress,frequentPhysicalDistress,county,,,"University of Wisconsin Population Health Institute, County Health Rankings and Roadmaps. (2024)"
health,physical health,physical health tbd,Hiv prevalence,hivPrevalence,county,,,"University of Wisconsin Population Health Institute, County Health Rankings and Roadmaps. (2024)"
health,physical health,physical health tbd,Infant mortality,infantMortality,county,x,,"University of Wisconsin Population Health Institute, County Health Rankings and Roadmaps. (2024)"
health,physical health,physical health tbd,Injury deaths,injuryDeaths,county,,,"University of Wisconsin Population Health Institute, County Health Rankings and Roadmaps. (2024)"
health,physical health,physical health tbd,Insufficient sleep,insufficientSleep,county,,,"University of Wisconsin Population Health Institute, County Health Rankings and Roadmaps. (2024)"
health,physical health,physical health tbd,Life expectancy,lifeExpectancy,county,x,,"University of Wisconsin Population Health Institute, County Health Rankings and Roadmaps. (2024)"
health,physical health,physical health tbd,Low birthweight,lowBirthweight,county,x,,"University of Wisconsin Population Health Institute, County Health Rankings and Roadmaps. (2024)"
health,physical health,physical health tbd,Motor vehicle crash deaths,motorVehicleCrashDeaths,county,x,,"University of Wisconsin Population Health Institute, County Health Rankings and Roadmaps. (2024)"
health,physical health,physical health tbd,Physical inactivity,physicalInactivity,county,,,"University of Wisconsin Population Health Institute, County Health Rankings and Roadmaps. (2024)"
health,physical health,physical health tbd,Poor or fair health,poorOrFairHealth,county,,,"University of Wisconsin Population Health Institute, County Health Rankings and Roadmaps. (2024)"
health,physical health,physical health tbd,Poor physical health days,poorPhysicalHealthDays,county,,,"University of Wisconsin Population Health Institute, County Health Rankings and Roadmaps. (2024)"
health,physical health,physical health tbd,Premature age-adjusted mortality,prematureAgeAdjustedMortality,county,x,,"University of Wisconsin Population Health Institute, County Health Rankings and Roadmaps. (2024)"
health,physical health,physical health tbd,Premature death,prematureDeath,county,,,"University of Wisconsin Population Health Institute, County Health Rankings and Roadmaps. (2024)"
health,physical health,physical health tbd,Preventable hospital stays,preventableHospitalStays,county,,,"University of Wisconsin Population Health Institute, County Health Rankings and Roadmaps. (2024)"
health,physical health,physical health tbd,Sexually transmitted infections,sexuallyTransmittedInfections,county,,,"University of Wisconsin Population Health Institute, County Health Rankings and Roadmaps. (2024)"
health,physical health,physical health tbd,Teen births,teenBirths,county,,,"University of Wisconsin Population Health Institute, County Health Rankings and Roadmaps. (2024)"
health,stability agency,farmer agency to improve,NONE,NONE,,x,,
production,imports vs exports,total quantity exported,Value of beef and veal exports,exportsBeefAndVeal,state,,,"US Department of Agriculture, Economic Research Service, State Agricultural Trade Data, State Exports"
production,imports vs exports,total quantity exported,Value of broiler meat exports,exportsBroilerMeat,state,,,"US Department of Agriculture, Economic Research Service, State Agricultural Trade Data, State Exports"
production,imports vs exports,total quantity exported,Value of corn exports,exportsCorn,state,,,"US Department of Agriculture, Economic Research Service, State Agricultural Trade Data, State Exports"
production,imports vs exports,total quantity exported,Value of cotton exports,exportsCotton,state,,,"US Department of Agriculture, Economic Research Service, State Agricultural Trade Data, State Exports"
production,imports vs exports,total quantity exported,Value of dairy products exports,exportsDairyProducts,state,,,"US Department of Agriculture, Economic Research Service, State Agricultural Trade Data, State Exports"
production,imports vs exports,total quantity exported,Value of feeds and other feed grains exports,exportsFeedsAndOtherFeedGrains,state,,,"US Department of Agriculture, Economic Research Service, State Agricultural Trade Data, State Exports"
production,imports vs exports,total quantity exported,Value of fruits fresh exports,exportsFruitsFresh,state,,,"US Department of Agriculture, Economic Research Service, State Agricultural Trade Data, State Exports"
production,imports vs exports,total quantity exported,Value of fruits processed exports,exportsFruitsProcessed,state,,,"US Department of Agriculture, Economic Research Service, State Agricultural Trade Data, State Exports"
production,imports vs exports,total quantity exported,Value of grain products exports,exportsGrainProducts,state,,,"US Department of Agriculture, Economic Research Service, State Agricultural Trade Data, State Exports"
production,imports vs exports,total quantity exported,Value of hides and skins exports,exportsHidesAndSkins,state,,,"US Department of Agriculture, Economic Research Service, State Agricultural Trade Data, State Exports"
production,imports vs exports,total quantity exported,Value of other livestock products exports,exportsOtherLivestockProducts,state,,,"US Department of Agriculture, Economic Research Service, State Agricultural Trade Data, State Exports"
production,imports vs exports,total quantity exported,Value of other oilseeds and products exports,exportsOtherOilseedsAndProducts,state,,,"US Department of Agriculture, Economic Research Service, State Agricultural Trade Data, State Exports"
production,imports vs exports,total quantity exported,Value of other plant products exports,exportsOtherPlantProducts,state,,,"US Department of Agriculture, Economic Research Service, State Agricultural Trade Data, State Exports"
production,imports vs exports,total quantity exported,Value of other poultry products exports,exportsOtherPoultryProducts,state,,,"US Department of Agriculture, Economic Research Service, State Agricultural Trade Data, State Exports"
production,imports vs exports,total quantity exported,Value of pork exports,exportsPork,state,,,"US Department of Agriculture, Economic Research Service, State Agricultural Trade Data, State Exports"
production,imports vs exports,total quantity exported,Value of rice exports,exportsRice,state,,,"US Department of Agriculture, Economic Research Service, State Agricultural Trade Data, State Exports"
production,imports vs exports,total quantity exported,Value of soybean meal exports,exportsSoybeanMeal,state,,,"US Department of Agriculture, Economic Research Service, State Agricultural Trade Data, State Exports"
production,imports vs exports,total quantity exported,Value of soybeans exports,exportsSoybeans,state,,,"US Department of Agriculture, Economic Research Service, State Agricultural Trade Data, State Exports"
production,imports vs exports,total quantity exported,Value of tobacco exports,exportsTobacco,state,,,"US Department of Agriculture, Economic Research Service, State Agricultural Trade Data, State Exports"
production,imports vs exports,total quantity exported,Value of total agricultural exports,exportsTotalAgricultural,state,x,,"US Department of Agriculture, Economic Research Service, State Agricultural Trade Data, State Exports"
production,imports vs exports,total quantity exported,Value of total animal products exports,exportsTotalAnimalProducts,state,,,"US Department of Agriculture, Economic Research Service, State Agricultural Trade Data, State Exports"
production,imports vs exports,total quantity exported,Value of total plant products exports,exportsTotalPlantProducts,state,,,"US Department of Agriculture, Economic Research Service, State Agricultural Trade Data, State Exports"
production,imports vs exports,total quantity exported,Value of tree nuts exports,exportsTreeNuts,state,,,"US Department of Agriculture, Economic Research Service, State Agricultural Trade Data, State Exports"
production,imports vs exports,total quantity exported,Value of vegetable oils exports,exportsVegetableOils,state,,,"US Department of Agriculture, Economic Research Service, State Agricultural Trade Data, State Exports"
production,imports vs exports,total quantity exported,Value of vegetables fresh exports,exportsVegetablesFresh,state,,,"US Department of Agriculture, Economic Research Service, State Agricultural Trade Data, State Exports"
production,imports vs exports,total quantity exported,Value of vegetables processed exports,exportsVegetablesProcessed,state,,,"US Department of Agriculture, Economic Research Service, State Agricultural Trade Data, State Exports"
production,imports vs exports,total quantity exported,Value of wheat exports,exportsWheat,state,,,"US Department of Agriculture, Economic Research Service, State Agricultural Trade Data, State Exports"
production,imports vs exports,total quantity imported,value of top five imports,importsTopFive,state,x,would like a better measure than top 5 imports,"US Department of Agriculture, Economic Research Service, State Agricultural Trade Data, State Trade by Country of Origin and Destination"
production,product quality,certificates of assurance,NONE,NONE,,x,,
production,product quality,nutrition,NONE,NONE,,x,,
production,product quality,product quality tbd,NONE,NONE,,x,,
production,product quality,product safety (not livestock),NONE,NONE,,x,,
production,production diversity,production species diversity,Crop diversity,cropDiversity,county,x,,"U.S. Department of Agriculture, National Agricultural Statistics Service, Cropland Data Layer"
production,production efficiency,technology adoption,NONE,NONE,,x,,
production,production index tbd,production ind tbd,Anaerobic digestion facilities,nAnaerDigestion,county,,"not good metrics, and no updates",U.S. Environmental Protection Agency (EPA)
production,production index tbd,production ind tbd,"Composting facilities, number",nCompost,county,,"not good metrics, and no updates",U.S. Environmental Protection Agency (EPA)
production,production index tbd,production ind tbd,"Food hubs, count",nFoodHubs,county,,"not good metrics, and no updates","U.S. Department of Agriculture, Local Food Directories"
production,production index tbd,production ind tbd,"Meat processors, count",nMeatProcess,county,,"not good metrics, and no updates","U.S. Department of Agriculture, Food Safety and Inspection Service"
production,production index tbd,production ind tbd,"Refrigerated warehouses, private and semi private, count",nPrivFridge,state,,"not good metrics, and no updates","U.S. Department of Agriculture, Economics, Statistics, and Market Information System"
production,production index tbd,production ind tbd,"Refrigerated warehouses, public, count",nPubFridge,state,,"not good metrics, and no updates","U.S. Department of Agriculture, Economics, Statistics, and Market Information System"
production,production margins,production inputs,Chemical expenses,expChemical,county,,,"U.S. Department of Agriculture, National Agricultural Statistics Service. (2024). 2022 Census of Agriculture."
production,production margins,production inputs,Mean chemical expenses per operation,expChemicalPct,county,x,,"U.S. Department of Agriculture, National Agricultural Statistics Service. (2024). 2022 Census of Agriculture."
production,production margins,production inputs,Number of operations with chemical expenses,nOpsChemical,county,,,"U.S. Department of Agriculture, National Agricultural Statistics Service. (2024). 2022 Census of Agriculture."
production,production margins,total quantity food products,Total animal and crop sales,salesAnimalPctSales,county,,,"U.S. Department of Agriculture, National Agricultural Statistics Service. (2024). 2022 Census of Agriculture."
production,production margins,total quantity food products,Total animal sales,salesAnimal,county,x,,"U.S. Department of Agriculture, National Agricultural Statistics Service. (2024). 2022 Census of Agriculture."
production,production margins,total quantity food products,Total crop sales,salesCrop,county,x,,"U.S. Department of Agriculture, National Agricultural Statistics Service. (2024). 2022 Census of Agriculture."
production,production margins,total quantity forest products,Total forest product income,incForestProducts,county,x,,"U.S. Department of Agriculture, National Agricultural Statistics Service. (2024). 2022 Census of Agriculture."
production,production margins,total quantity non-food ag products,"Cash receipts value, forest products , all",totalReceiptsAllForestProducts,,x,,
production,production margins,total quantity non-food ag products,"Value of production, services and forestry, all",totalValueServicesAndForestry,,x,,
production,production margins,value added market,"Farms, number of farms with value-added sales",nValueAddedFarms,county,,,"U.S. Department of Agriculture, National Agricultural Statistical Survey, Census of Agriculture"
production,production margins,value added market,"Farms, percent of all farms with value-added sales",valueAddedFarmsPerc,county,x,redundant?,"U.S. Department of Agriculture, National Agricultural Statistical Survey, Census of Agriculture"
production,production margins,value added market,"Farms, value-added sales",valueAddedSales,county,,,"U.S. Department of Agriculture, National Agricultural Statistical Survey, Census of Agriculture"
production,production margins,value added market,"Farms, value-added sales as a percent of all farm sales",valueAddedSalesPerc,county,x,redundant?,"U.S. Department of Agriculture, National Agricultural Statistical Survey, Census of Agriculture"
production,production margins,yield,NONE,NONE,,x,,
production,waste and losses,crop failure,"Other farm income, insurance indemnities",totalIncomeInsuranceIndemnities,,x,,
production,waste and losses,crop failure,"Other farm income, insurance indemnities, federal",totalIncomeInsuranceIndemnitiesFederal,,x,,
production,waste and losses,crop failure,"Value of ad hoc and emergency program payments, all",totalValueEmergPayments,,x,,
production,waste and losses,crop failure,"Value of agricultural risk coverage payments, all",totalValueAgRiskCoveragePayments,,x,,
production,waste and losses,crop failure,Value of all other ad hoc and emergency program payments,totalValueOtherAdHocEmergPayments,,x,,
production,waste and losses,crop failure,Value of dairy margin protection program payments,totalValueDairyMarginProtPayments,,x,,
production,waste and losses,crop failure,"Value of milk income loss program payments, all",totalValueMilkLossPayments,,,all 0,
production,waste and losses,crop failure,"Value of price loss coverage payments, all",totalValueAllLossCoveragePayments,,x,,
social,community embeddedness,belonging to community,NONE,NONE,,x,,
social,community embeddedness,belonging to community,Long commute - driving alone,longCommuteDrivingAlone,county,,,"University of Wisconsin Population Health Institute, County Health Rankings and Roadmaps. (2024)"
social,community embeddedness,collective action,NONE,NONE,,x,,
social,community embeddedness,common goals,NONE,NONE,,x,,
social,community embeddedness,reciprocity,NONE,NONE,,x,,
social,community embeddedness,social connectedness,Children in single-parent households,childrenInSingleParentHouseholds,county,,,"University of Wisconsin Population Health Institute, County Health Rankings and Roadmaps. (2024)"
social,community embeddedness,social connectedness,Disconnected youth,disconnectedYouth,county,x,,"University of Wisconsin Population Health Institute, County Health Rankings and Roadmaps. (2024)"
social,community embeddedness,social connectedness,Social associations,socialAssociations,county,x,,"University of Wisconsin Population Health Institute, County Health Rankings and Roadmaps. (2024)"
social,community embeddedness,social connectedness,Driving alone to work,drivingAloneToWork,county,,,"University of Wisconsin Population Health Institute, County Health Rankings and Roadmaps. (2024)"
social,community embeddedness,tradition/heritage,NONE,NONE,,x,,
social,community embeddedness,trust,NONE,NONE,,x,,
social,community livability,community livability ind tbd,Traffic volume,trafficVolume,county,,,"University of Wisconsin Population Health Institute, County Health Rankings and Roadmaps. (2024)"
social,community livability,community safety,Homicides,homicides,county,,,"University of Wisconsin Population Health Institute, County Health Rankings and Roadmaps. (2024)"
social,community livability,community safety,Alcohol-impaired driving deaths,alcoholImpairedDrivingDeaths,county,x,,"University of Wisconsin Population Health Institute, County Health Rankings and Roadmaps. (2024)"
social,community livability,community safety,Juvenile arrests,juvenileArrests,county,,half states missing,"University of Wisconsin Population Health Institute, County Health Rankings and Roadmaps. (2024)"
social,community livability,diverse representation,Residential segregation - black/white,residentialSegregationBlackWhite,county,x,,"University of Wisconsin Population Health Institute, County Health Rankings and Roadmaps. (2024)"
social,community livability,diverse representation,School segregation,schoolSegregation,county,x,,"University of Wisconsin Population Health Institute, County Health Rankings and Roadmaps. (2024)"
social,community livability,NIMBYism,NONE,NONE,,x,,
social,community livability,open spaces and natural beauty,NONE,NONE,,x,,
social,community livability,outmigration,Population change,popChange,,x,rework,
social,food and farmworker diversity,age diversity,Producer age diversity,ageProducers,county,x,rework,"U.S. Department of Agriculture, National Agricultural Statistics Service. (2024). 2022 Census of Agriculture."
social,food and farmworker diversity,gender diversity,Ratio of female to male producers,ftmProdRatio,county,x,,"U.S. Department of Agriculture, National Agricultural Statistics Service. (2024). 2022 Census of Agriculture."
social,food and farmworker diversity,gender diversity,Number of female producers,nFemProducers,county,,aggregate these,"U.S. Department of Agriculture, National Agricultural Statistics Service. (2024). 2022 Census of Agriculture."
social,food and farmworker diversity,gender diversity,Number of male producers,nMaleProducers,county,,aggregate these,"U.S. Department of Agriculture, National Agricultural Statistics Service. (2024). 2022 Census of Agriculture."
social,food and farmworker diversity,racial diversity,Number of American Indian producers,nAmInProducers,county,,aggregate these,"U.S. Department of Agriculture, National Agricultural Statistics Service. (2024). 2022 Census of Agriculture."
social,food and farmworker diversity,racial diversity,Number of Asian producers,nAsianProducers,county,,aggregate these,"U.S. Department of Agriculture, National Agricultural Statistics Service. (2024). 2022 Census of Agriculture."
social,food and farmworker diversity,racial diversity,Number of Black producers,nBlackProducers,county,,aggregate these,"U.S. Department of Agriculture, National Agricultural Statistics Service. (2024). 2022 Census of Agriculture."
social,food and farmworker diversity,racial diversity,Number of Hispanic producers,nHispProducers,county,,aggregate these,"U.S. Department of Agriculture, National Agricultural Statistics Service. (2024). 2022 Census of Agriculture."
social,food and farmworker diversity,racial diversity,Number of Native Hawaiian or Pacific Islander producers,nNaHaProducers,county,,aggregate these,"U.S. Department of Agriculture, National Agricultural Statistics Service. (2024). 2022 Census of Agriculture."
social,food and farmworker diversity,racial diversity,Number of White producers,nWhiteProducers,county,,aggregate these,"U.S. Department of Agriculture, National Agricultural Statistics Service. (2024). 2022 Census of Agriculture."
social,food and farmworker diversity,racial diversity,Total number of producers,nProducer,county,,aggregate these,"U.S. Department of Agriculture, National Agricultural Statistics Service. (2024). 2022 Census of Agriculture."
social,food and farmworker diversity,racial diversity,Producer racial diversity,producerRacialDiversity,,x,,
social,food and farmworker diversity,sexuality,NONE,NONE,,x,,
social,food system governance,behaviors/decisions/motivations,NONE,NONE,,x,,
social,food system governance,conservation program,Acres under conservation easements,Acres under conservation easements,,x,,
social,food system governance,conservation program,"Conservation tillage, no-till acres","Conservation tillage, no-till acres",,x,,
social,food system governance,conservation program,"Cover crop practices, excluding CRP, acres","Cover crop practices, excluding CRP, acres",,x,,
social,food system governance,farmer stewardship ethic,NONE,NONE,,x,,
social,food system governance,participatory governance,Census participation,censusParticipation,county,,,"University of Wisconsin Population Health Institute, County Health Rankings and Roadmaps. (2024)"
social,food system governance,participatory governance,Voter turnout,voterTurnout,county,x,,"University of Wisconsin Population Health Institute, County Health Rankings and Roadmaps. (2024)"
social,food system governance,policies,NONE,NONE,,x,,
social,food system governance,regulations and incentives,NONE,NONE,,x,,
social,food system governance,government responsiveness,NONE,NONE,,x,,
social,food system governance,transparency,NONE,NONE,,x,,
utilities,utilities,utils,Metropolitan Area,metro,county,,,"U.S. Department of of Agriculture, Economic Research Service"
utilities,utilities,utils,Rural Urban Continuum Code,ruralUrbanContinuumCode,county,,,"U.S. Department of of Agriculture, Economic Research Service"
utilities,utilities,utils,Urban Influence Code,urbanInfluenceCode,county,,,"U.S. Department of of Agriculture, Economic Research Service"
