index,dimension,index,indicator,metric,variable_name,resolution,use,good,notes,source
35,economics,access to capital/credit,access to land,Mean acres per farm,acresPF,county,x,x,not a great fit,"U.S. Department of Agriculture, National Agricultural Statistics Service. (2024). 2022 Census of Agriculture."
36,economics,access to capital/credit,access to land,Median acres per farm,medianAcresPF,county,x,x,not a great fit,"U.S. Department of Agriculture, National Agricultural Statistics Service. (2024). 2022 Census of Agriculture."
37,economics,access to capital/credit,access to land,Total acres operated,acresOperated,county,,,not a great fit,"U.S. Department of Agriculture, National Agricultural Statistics Service. (2024). 2022 Census of Agriculture."
38,economics,access to capital/credit,access to land,Land and building value per acre,landValPerAcre,county,x,x,not a great fit,"U.S. Department of Agriculture, National Agricultural Statistics Service. (2024). 2022 Census of Agriculture."
39,economics,access to capital/credit,access to land,Land and building value per farm,landValPF,county,x,x,not a great fit,"U.S. Department of Agriculture, National Agricultural Statistics Service. (2024). 2022 Census of Agriculture."
3,economics,community economy,wealth/income distribution,Unemployment,unemployment,county,,,Using BLS instead,"University of Wisconsin Population Health Institute, County Health Rankings and Roadmaps. (2024)"
4,economics,community economy,wealth/income distribution,"Median earnings (dollars) for female, farming, fishing, and forestry occupations",medianEarnFemaleFarm,county,x,x,,"U.S.Census Bureau, American Community Survey"
5,economics,community economy,wealth/income distribution,"Median earnings (dollars) for female, food preparation and serving related occupations",medianEarnFemaleFood,county,x,x,,"U.S.Census Bureau, American Community Survey"
6,economics,community economy,wealth/income distribution,"Median earnings (dollars) for male, farming, fishing, and forestry occupations",medianEarnMaleFarm,county,x,x,,"U.S.Census Bureau, American Community Survey"
7,economics,community economy,wealth/income distribution,"Median earnings (dollars) for male, food preparation and serving related occupations",medianEarnMaleFood,county,x,x,,"U.S.Census Bureau, American Community Survey"
8,economics,community economy,wealth/income distribution,"Women's earnings as a percentage of men's earning, farming, fishing, and forestry occupations",womenEarnPercMaleFarm,county,x,x,,"U.S.Census Bureau, American Community Survey"
9,economics,community economy,wealth/income distribution,"Women's earnings as a percentage of men's earning, food preparation and serving related occupations",womenEarnPercMaleFood,county,x,x,,"U.S.Census Bureau, American Community Survey"
10,economics,community economy,wealth/income distribution,Children eligible for free or reduced price lunch,childrenEligibleForFreeOrReducedPriceLunch,county,,,,"University of Wisconsin Population Health Institute, County Health Rankings and Roadmaps. (2024)"
11,economics,community economy,wealth/income distribution,Children in poverty,childrenInPoverty,county,,,,"University of Wisconsin Population Health Institute, County Health Rankings and Roadmaps. (2024)"
12,economics,community economy,wealth/income distribution,Gender pay gap,genderPayGap,county,x,x,,"University of Wisconsin Population Health Institute, County Health Rankings and Roadmaps. (2024)"
14,economics,community economy,wealth/income distribution,Living wage,livingWage,county,,,,"University of Wisconsin Population Health Institute, County Health Rankings and Roadmaps. (2024)"
13,economics,community economy,wealth/income distribution,Income inequality,incomeInequality,county,x,x,,"University of Wisconsin Population Health Institute, County Health Rankings and Roadmaps. (2024)"
15,economics,community economy,wealth/income distribution,Median household income,medianHouseholdIncome,county,,,,"University of Wisconsin Population Health Institute, County Health Rankings and Roadmaps. (2024)"
16,economics,community economy,wealth/income distribution,Gini Index,gini,county,x,x,,"U.S. Census Bureau, American Community Survey: 5-Year Estimates: Detailed Tables, 2022."
17,economics,community economy,wealth/income distribution,Median Household Income,medHhIncome,county,,,,"U.S. Department of Commerce, Bureau of the Census, Small Area Income and Poverty Estimates (SAIPE) Program"
18,economics,community economy,wealth/income distribution,Median Household Income (% of State Avg),medHhIncomePercState,county,,,,"U.S. Department of Commerce, Bureau of the Census, Small Area Income and Poverty Estimates (SAIPE) Program"
19,economics,community economy,wealth/income distribution,Number Employed,employed,county,,,,"U.S. Department of Labor, Bureau of Labor Statistics, Local Area Unemployment Statistics (LAUS)"
20,economics,community economy,wealth/income distribution,Number unemployed,unemployed,county,,,,"U.S. Department of Labor, Bureau of Labor Statistics, Local Area Unemployment Statistics (LAUS)"
21,economics,community economy,wealth/income distribution,Unemployment Rate,unemploymentRate,county,x,x,,"U.S. Department of Labor, Bureau of Labor Statistics, Local Area Unemployment Statistics (LAUS)"
24,economics,food business resilience,operations diversification,"Farms, direct-to-consumer sales as a percent of all farm sales",d2cSalesPerc,county,x,x,,"U.S. Department of Agriculture, National Agricultural Statistical Survey, Census of Agriculture"
25,economics,food business resilience,operations diversification,"On farm market, number of businesses",nOnFarmMarket,county,,,"not good metrics, and no updates","U.S. Department of Agriculture, Local Food Directories"
32,economics,food business resilience,operations diversification,"Agritourism, sales as a percent of all farm sales",agTourSalesPerc,county,x,x,,"U.S. Department of Agriculture, National Agricultural Statistical Survey, Census of Agriculture"
33,economics,food business resilience,operations diversification,"Farms, local marketing channel sales as a percent of all farm sales",localSalesPerc,county,x,x,,"U.S. Department of Agriculture, National Agricultural Statistical Survey, Census of Agriculture"
34,economics,food business resilience,income stability,Net return to operators,netReturnOperators,state,x,x,,"U.S. Department of Agriculture, Economic Research Service, Farm Income and Wealth Statistics"
40,economics,food business resilience,income stability,Labor expenses,expHiredLabor,county,,,,"U.S. Department of Agriculture, National Agricultural Statistics Service. (2024). 2022 Census of Agriculture."
41,economics,food business resilience,income stability,Labor expenses as percentage of expenses,expHiredLaborPercOpExp,county,x,x,,"U.S. Department of Agriculture, National Agricultural Statistics Service. (2024). 2022 Census of Agriculture."
42,economics,food business resilience,income stability,Labor expenses per farm,expHiredLaborPF,county,,,,"U.S. Department of Agriculture, National Agricultural Statistics Service. (2024). 2022 Census of Agriculture."
43,economics,food business resilience,labor costs,Number of hired workers,nHiredWorkers,county,,,,"U.S. Department of Agriculture, National Agricultural Statistics Service. (2024). 2022 Census of Agriculture."
44,economics,food business resilience,labor costs,Number of long-term workers,nWorkersGE150,county,,,,"U.S. Department of Agriculture, National Agricultural Statistics Service. (2024). 2022 Census of Agriculture."
45,economics,food business resilience,labor costs,Number of migrant workers,nMigrantWorkers,county,,,,"U.S. Department of Agriculture, National Agricultural Statistics Service. (2024). 2022 Census of Agriculture."
46,economics,food business resilience,labor costs,Number of operations with hired labor,nOpsHiredLabor,county,,,,"U.S. Department of Agriculture, National Agricultural Statistics Service. (2024). 2022 Census of Agriculture."
47,economics,food business resilience,labor costs,Number of operations with labor expenses,nOpsHiredLaborExp,county,,,,"U.S. Department of Agriculture, National Agricultural Statistics Service. (2024). 2022 Census of Agriculture."
48,economics,food business resilience,labor costs,Number of operations with long-term labor,nOpsWorkersGE150,county,,,,"U.S. Department of Agriculture, National Agricultural Statistics Service. (2024). 2022 Census of Agriculture."
49,economics,food business resilience,labor costs,Number of operations with migrant labor,nOpsMigrantWorkers,county,,,,"U.S. Department of Agriculture, National Agricultural Statistics Service. (2024). 2022 Census of Agriculture."
50,economics,food business resilience,labor costs,Number of operations with short-term labor,nOpsWorkersLE150,county,,,,"U.S. Department of Agriculture, National Agricultural Statistics Service. (2024). 2022 Census of Agriculture."
51,economics,food business resilience,labor costs,Number of operations with unpaid labor,nOpsUnpaidWorkers,county,,,,"U.S. Department of Agriculture, National Agricultural Statistics Service. (2024). 2022 Census of Agriculture."
52,economics,food business resilience,labor costs,Number of short-term workers,nWorkersLE150,county,,,,"U.S. Department of Agriculture, National Agricultural Statistics Service. (2024). 2022 Census of Agriculture."
53,economics,food business resilience,labor costs,Number of unpaid workers,nUnpaidWorkers,county,,,,"U.S. Department of Agriculture, National Agricultural Statistics Service. (2024). 2022 Census of Agriculture."
54,economics,food business resilience,total costs,Expenses per operation,expPF,county,,,,"U.S. Department of Agriculture, National Agricultural Statistics Service. (2024). 2022 Census of Agriculture."
55,economics,food business resilience,income stability,mean farm related income per operation,farmIncomePF,county,x,x,,"U.S. Department of Agriculture, National Agricultural Statistics Service. (2024). 2022 Census of Agriculture."
195,economics,food business resilience,use of ag/farm/crop insurance,Number of FSA Agriculture Secretary disaster declarations,nFsaSecDisasters,county,x,x,,"U.S. Department of Agriculture, Farm Service Agency Disaster Assistance"
196,economics,food business resilience,use of ag/farm/crop insurance,Number of FSA presidential disaster declarations,nFsaPresDisasters,county,x,x,,"U.S. Department of Agriculture, Farm Service Agency Disaster Assistance"
1,economics,utilities,utils,Civilian Labor Force,civLaborForce,county,,,,"U.S. Department of Labor, Bureau of Labor Statistics, Local Area Unemployment Statistics (LAUS)"
56,environment,"carbon, ghg, nutrients",fluxes,CH4 emissions from enteric fermentation american bison (Tg),CH4FermentBison,state,,,,U.S. Environmental Protection Agency State GHG Data (2024).
57,environment,"carbon, ghg, nutrients",fluxes,CH4 emissions from enteric fermentation beef cattle (Tg),CH4FermentBeefCattle,state,,,,U.S. Environmental Protection Agency State GHG Data (2024).
58,environment,"carbon, ghg, nutrients",fluxes,CH4 emissions from enteric fermentation dairy cattle (Tg),CH4FermentDairyCattle,state,,,,U.S. Environmental Protection Agency State GHG Data (2024).
59,environment,"carbon, ghg, nutrients",fluxes,CH4 emissions from enteric fermentation goats (Tg),CH4FermentGoats,state,,,,U.S. Environmental Protection Agency State GHG Data (2024).
60,environment,"carbon, ghg, nutrients",fluxes,CH4 emissions from enteric fermentation horses (Tg),CH4FermentHorses,state,,,,U.S. Environmental Protection Agency State GHG Data (2024).
61,environment,"carbon, ghg, nutrients",fluxes,CH4 emissions from enteric fermentation mules and asses (Tg),CH4FermentMulesAsses,state,,,,U.S. Environmental Protection Agency State GHG Data (2024).
62,environment,"carbon, ghg, nutrients",fluxes,CH4 emissions from enteric fermentation sheep (Tg),CH4FermentSheep,state,,,,U.S. Environmental Protection Agency State GHG Data (2024).
63,environment,"carbon, ghg, nutrients",fluxes,CH4 emissions from enteric fermentation swine (Tg),CH4FermentSwine,state,,,,U.S. Environmental Protection Agency State GHG Data (2024).
64,environment,"carbon, ghg, nutrients",fluxes,CH4 emissions from field burning of residues cereals (Tg),CH4FieldResiduesCereals,state,,,,U.S. Environmental Protection Agency State GHG Data (2024).
65,environment,"carbon, ghg, nutrients",fluxes,CH4 emissions from field burning of residues other (Tg),CH4FieldResiduesOther,state,,,,U.S. Environmental Protection Agency State GHG Data (2024).
66,environment,"carbon, ghg, nutrients",fluxes,CH4 emissions from field burning of residues pulses (Tg),CH4FieldResiduesPulses,state,,,,U.S. Environmental Protection Agency State GHG Data (2024).
67,environment,"carbon, ghg, nutrients",fluxes,CH4 emissions from field burning of residues sugarcane (Tg),CH4FieldResiduesSugarcane,state,,,,U.S. Environmental Protection Agency State GHG Data (2024).
68,environment,"carbon, ghg, nutrients",fluxes,CH4 emissions from field burning of residues tubers and roots (Tg),CH4FieldResiduesTubersRoots,state,,,,U.S. Environmental Protection Agency State GHG Data (2024).
69,environment,"carbon, ghg, nutrients",fluxes,CH4 emissions from manure management american bison (Tg),CH4ManureBison,state,,,,U.S. Environmental Protection Agency State GHG Data (2024).
70,environment,"carbon, ghg, nutrients",fluxes,CH4 emissions from manure management beef cattle (Tg),CH4ManureBeefCattle,state,,,,U.S. Environmental Protection Agency State GHG Data (2024).
71,environment,"carbon, ghg, nutrients",fluxes,CH4 emissions from manure management dairy cattle (Tg),CH4ManureDairyCattle,state,,,,U.S. Environmental Protection Agency State GHG Data (2024).
72,environment,"carbon, ghg, nutrients",fluxes,CH4 emissions from manure management goats (Tg),CH4ManureGoats,state,,,,U.S. Environmental Protection Agency State GHG Data (2024).
73,environment,"carbon, ghg, nutrients",fluxes,CH4 emissions from manure management horses (Tg),CH4ManureHorses,state,,,,U.S. Environmental Protection Agency State GHG Data (2024).
74,environment,"carbon, ghg, nutrients",fluxes,CH4 emissions from manure management mules and asses (Tg),CH4ManureMulesAsses,state,,,,U.S. Environmental Protection Agency State GHG Data (2024).
75,environment,"carbon, ghg, nutrients",fluxes,CH4 emissions from manure management poultry (Tg),CH4ManurePoultry,state,,,,U.S. Environmental Protection Agency State GHG Data (2024).
76,environment,"carbon, ghg, nutrients",fluxes,CH4 emissions from manure management sheep (Tg),CH4ManureSheep,state,,,,U.S. Environmental Protection Agency State GHG Data (2024).
77,environment,"carbon, ghg, nutrients",fluxes,CH4 emissions from manure management swine (Tg),CH4ManureSwine,state,,,,U.S. Environmental Protection Agency State GHG Data (2024).
78,environment,"carbon, ghg, nutrients",fluxes,CH4 emissions from rice cultivation rice cultivation  (Tg),CH4RiceCultivation,state,,,,U.S. Environmental Protection Agency State GHG Data (2024).
79,environment,"carbon, ghg, nutrients",fluxes,"CO2 emissions from liming, urea application and other fertilizers liming dolomite (Tg)",CO2UreaLimingDolomite,state,,,,U.S. Environmental Protection Agency State GHG Data (2024).
80,environment,"carbon, ghg, nutrients",fluxes,"CO2 emissions from liming, urea application and other fertilizers liming limestone (Tg)",CO2UreaLimingLimestone,state,,,,U.S. Environmental Protection Agency State GHG Data (2024).
81,environment,"carbon, ghg, nutrients",fluxes,"CO2 emissions from liming, urea application and other fertilizers urea fertilization  (Tg)",CO2UreaUreaFertilization,state,,,,U.S. Environmental Protection Agency State GHG Data (2024).
82,environment,"carbon, ghg, nutrients",fluxes,N2O emissions from direct and indirect n2o emissions from soils agricultural soil management cropland (Tg),N2OSoilCropland,state,,,,U.S. Environmental Protection Agency State GHG Data (2024).
83,environment,"carbon, ghg, nutrients",fluxes,N2O emissions from direct and indirect n2o emissions from soils agricultural soil management grassland (Tg),N2OSoilGrassland,state,,,,U.S. Environmental Protection Agency State GHG Data (2024).
84,environment,"carbon, ghg, nutrients",fluxes,N2O emissions from field burning of residues cereals (Tg),N2OFieldResiduesCereals,state,,,,U.S. Environmental Protection Agency State GHG Data (2024).
85,environment,"carbon, ghg, nutrients",fluxes,N2O emissions from field burning of residues other (Tg),N2OFieldResiduesOther,state,,,,U.S. Environmental Protection Agency State GHG Data (2024).
86,environment,"carbon, ghg, nutrients",fluxes,N2O emissions from field burning of residues pulses (Tg),N2OFieldResiduesPulses,state,,,,U.S. Environmental Protection Agency State GHG Data (2024).
87,environment,"carbon, ghg, nutrients",fluxes,N2O emissions from field burning of residues sugarcane (Tg),N2OFieldResiduesSugarcane,state,,,,U.S. Environmental Protection Agency State GHG Data (2024).
88,environment,"carbon, ghg, nutrients",fluxes,N2O emissions from field burning of residues tubers and roots (Tg),N2OFieldResiduesTubersRoots,state,,,,U.S. Environmental Protection Agency State GHG Data (2024).
89,environment,"carbon, ghg, nutrients",fluxes,N2O emissions from manure management beef cattle (Tg),N2OManureBeefCattle,state,,,,U.S. Environmental Protection Agency State GHG Data (2024).
90,environment,"carbon, ghg, nutrients",fluxes,N2O emissions from manure management dairy cattle (Tg),N2OManureDairyCattle,state,,,,U.S. Environmental Protection Agency State GHG Data (2024).
91,environment,"carbon, ghg, nutrients",fluxes,N2O emissions from manure management dairy heifers (Tg),N2OManureDairyHeifers,state,,,,U.S. Environmental Protection Agency State GHG Data (2024).
92,environment,"carbon, ghg, nutrients",fluxes,N2O emissions from manure management goats (Tg),N2OManureGoats,state,,,,U.S. Environmental Protection Agency State GHG Data (2024).
93,environment,"carbon, ghg, nutrients",fluxes,N2O emissions from manure management horses (Tg),N2OManureHorses,state,,,,U.S. Environmental Protection Agency State GHG Data (2024).
94,environment,"carbon, ghg, nutrients",fluxes,N2O emissions from manure management mules and asses (Tg),N2OManureMulesAsses,state,,,,U.S. Environmental Protection Agency State GHG Data (2024).
95,environment,"carbon, ghg, nutrients",fluxes,N2O emissions from manure management poultry (Tg),N2OManurePoultry,state,,,,U.S. Environmental Protection Agency State GHG Data (2024).
96,environment,"carbon, ghg, nutrients",fluxes,N2O emissions from manure management sheep (Tg),N2OManureSheep,state,,,,U.S. Environmental Protection Agency State GHG Data (2024).
97,environment,"carbon, ghg, nutrients",fluxes,N2O emissions from manure management swine (Tg),N2OManureSwine,state,,,,U.S. Environmental Protection Agency State GHG Data (2024).
98,environment,"carbon, ghg, nutrients",fluxes,Subsector CH4 emissions from agriculture: enteric fermentation (Tg),CH4AgFerment,state,,,,U.S. Environmental Protection Agency State GHG Data (2024).
99,environment,"carbon, ghg, nutrients",fluxes,Subsector CH4 emissions from agriculture: field burning of residues (Tg),CH4AgFieldResidues,state,,,,U.S. Environmental Protection Agency State GHG Data (2024).
100,environment,"carbon, ghg, nutrients",fluxes,Subsector CH4 emissions from agriculture: manure management (Tg),CH4AgManure,state,,,,U.S. Environmental Protection Agency State GHG Data (2024).
101,environment,"carbon, ghg, nutrients",fluxes,Subsector CH4 emissions from agriculture: rice cultivation (Tg),CH4Ag,state,,,,U.S. Environmental Protection Agency State GHG Data (2024).
102,environment,"carbon, ghg, nutrients",fluxes,"Subsector CO2 emissions from agriculture: co2 emissions from liming, urea application and other fertilizers (Tg)",CO2AgCo2EmissionsFromUrea,state,,,,U.S. Environmental Protection Agency State GHG Data (2024).
103,environment,"carbon, ghg, nutrients",fluxes,Subsector N2O emissions from agriculture: direct and indirect n2o emissions from soils (Tg),N2OAgDirectIndirectN2OEmissionsFromSoils,state,,,,U.S. Environmental Protection Agency State GHG Data (2024).
104,environment,"carbon, ghg, nutrients",fluxes,Subsector N2O emissions from agriculture: field burning of residues (Tg),N2OAgFieldResidues,state,,,,U.S. Environmental Protection Agency State GHG Data (2024).
105,environment,"carbon, ghg, nutrients",fluxes,Subsector N2O emissions from agriculture: manure management (Tg),N2OAgManure,state,,,,U.S. Environmental Protection Agency State GHG Data (2024).
106,environment,"carbon, ghg, nutrients",fluxes,Total CH4 emissions from agriculture (Tg),CH4Ag,state,x,x,,U.S. Environmental Protection Agency State GHG Data (2024).
107,environment,"carbon, ghg, nutrients",fluxes,Total CO2 emissions from agriculture (Tg),CO2Ag,state,x,x,,U.S. Environmental Protection Agency State GHG Data (2024).
108,environment,"carbon, ghg, nutrients",fluxes,Total N2O emissions from agriculture (Tg),N2OAg,state,x,x,,U.S. Environmental Protection Agency State GHG Data (2024).
109,environment,"carbon, ghg, nutrients",stocks,Forest carbon - dead and down,forestCarbonDeadDown,county,x,x,,TreeMap 2016: A tree-level model of the forests of the conterminous United States circa 2016
110,environment,"carbon, ghg, nutrients",stocks,Forest carbon - live standing,forestCarbonLive,county,x,x,,TreeMap 2016: A tree-level model of the forests of the conterminous United States circa 2016
111,environment,"carbon, ghg, nutrients",stocks,Forest carbon - standing dead,forestCarbonDeadStanding,county,x,x,,TreeMap 2016: A tree-level model of the forests of the conterminous United States circa 2016
155,environment,"carbon, ghg, nutrients",embodied,Operations using geoexchange,geoexchangeNOps,state,x,,raw n is no good here,"U.S. Department of Agriculture, National Agricultural Statistics Service. (2024). 2022 Census of Agriculture."
156,environment,"carbon, ghg, nutrients",embodied,Operations with methane digesters,withMethaneNOps,state,x,,raw n is no good here,"U.S. Department of Agriculture, National Agricultural Statistics Service. (2024). 2022 Census of Agriculture."
157,environment,"carbon, ghg, nutrients",embodied,Operations with solar power,withSolarNOps,state,x,,raw n is no good here,"U.S. Department of Agriculture, National Agricultural Statistics Service. (2024). 2022 Census of Agriculture."
158,environment,"carbon, ghg, nutrients",embodied,Operations with wind power,withWindNOps,state,x,,raw n is no good here,"U.S. Department of Agriculture, National Agricultural Statistics Service. (2024). 2022 Census of Agriculture."
159,environment,"carbon, ghg, nutrients",embodied,Operations with wind turbines rented to others,windRentedToOthersNOps,state,,,raw n is no good here,"U.S. Department of Agriculture, National Agricultural Statistics Service. (2024). 2022 Census of Agriculture."
150,environment,forest,complexity,Dead trees per forested acre,forestDeadTrees,county,x,x,need more complexity,TreeMap 2016: A tree-level model of the forests of the conterminous United States circa 2016
151,environment,forest,health,Forest canopy cover,forestCanopyCover,county,x,x,,TreeMap 2016: A tree-level model of the forests of the conterminous United States circa 2016
152,environment,forest,health,Forest live tree volume per acre,forestLiveTreeVolume,county,x,x,,TreeMap 2016: A tree-level model of the forests of the conterminous United States circa 2016
153,environment,forest,health,Forest stand height,forestStandHeight,county,x,x,,TreeMap 2016: A tree-level model of the forests of the conterminous United States circa 2016
154,environment,forest,health,Live trees per forested acre,forestLiveTrees,county,x,x,,TreeMap 2016: A tree-level model of the forests of the conterminous United States circa 2016
134,environment,species and habitat,land use diversity,"LULC, proportion, barren land",lulcPropBarrenLand,"county, state",,,,"U.S. Geological Survey, Multi-Resolution Land Characteristics Consortium (2024). Sioux Falls, SD"
135,environment,species and habitat,land use diversity,"LULC, proportion, cultivated crops",lulcPropCultCrops,"county, state",,,,"U.S. Geological Survey, Multi-Resolution Land Characteristics Consortium (2024). Sioux Falls, SD"
136,environment,species and habitat,land use diversity,"LULC, proportion, deciduous forest",lulcPropDecForest,"county, state",,,,"U.S. Geological Survey, Multi-Resolution Land Characteristics Consortium (2024). Sioux Falls, SD"
137,environment,species and habitat,land use diversity,"LULC, proportion, developed, high intensity",lulcPropDevHighInt,"county, state",,,,"U.S. Geological Survey, Multi-Resolution Land Characteristics Consortium (2024). Sioux Falls, SD"
138,environment,species and habitat,land use diversity,"LULC, proportion, developed, low intensity",lulcPropDevLowInt,"county, state",,,,"U.S. Geological Survey, Multi-Resolution Land Characteristics Consortium (2024). Sioux Falls, SD"
139,environment,species and habitat,land use diversity,"LULC, proportion, developed, medium intensity",lulcPropDevMedInt,"county, state",,,,"U.S. Geological Survey, Multi-Resolution Land Characteristics Consortium (2024). Sioux Falls, SD"
140,environment,species and habitat,land use diversity,"LULC, proportion, developed, open space",lulcPropDevOpenSpace,"county, state",,,,"U.S. Geological Survey, Multi-Resolution Land Characteristics Consortium (2024). Sioux Falls, SD"
141,environment,species and habitat,land use diversity,"LULC, proportion, emergent herbaceous wetlands",lulcPropHerbWetlands,"county, state",,,,"U.S. Geological Survey, Multi-Resolution Land Characteristics Consortium (2024). Sioux Falls, SD"
142,environment,species and habitat,land use diversity,"LULC, proportion, evergreen forest",lulcPropEvergreenForest,"county, state",,,,"U.S. Geological Survey, Multi-Resolution Land Characteristics Consortium (2024). Sioux Falls, SD"
143,environment,species and habitat,land use diversity,"LULC, proportion, grassland/herbaceous",lulcPropGrasslandHerb,"county, state",,,,"U.S. Geological Survey, Multi-Resolution Land Characteristics Consortium (2024). Sioux Falls, SD"
144,environment,species and habitat,land use diversity,"LULC, proportion, mixed forest",lulcPropMixedForest,"county, state",,,,"U.S. Geological Survey, Multi-Resolution Land Characteristics Consortium (2024). Sioux Falls, SD"
145,environment,species and habitat,land use diversity,"LULC, proportion, open water",lulcPropOpenWater,"county, state",,,,"U.S. Geological Survey, Multi-Resolution Land Characteristics Consortium (2024). Sioux Falls, SD"
146,environment,species and habitat,land use diversity,"LULC, proportion, pasture/hay",lulcPropPasture,"county, state",,,,"U.S. Geological Survey, Multi-Resolution Land Characteristics Consortium (2024). Sioux Falls, SD"
147,environment,species and habitat,land use diversity,"LULC, proportion, shrub/scrub",lulcPropShrub,"county, state",,,,"U.S. Geological Survey, Multi-Resolution Land Characteristics Consortium (2024). Sioux Falls, SD"
148,environment,species and habitat,land use diversity,"LULC, proportion, woody wetlands",lulcPropWoodyWetlands,"county, state",,,,"U.S. Geological Survey, Multi-Resolution Land Characteristics Consortium (2024). Sioux Falls, SD"
149,environment,species and habitat,land use diversity,Land Use Diversity,lulcDiversity,"county, state",x,x,,"U.S. Geological Survey, Multi-Resolution Land Characteristics Consortium (2024). Sioux Falls, SD"
112,environment,env index tbd,env ind tbd,Acres under conservation easement per operation,consEasementAcresPF,state,,,where should these go now,"U.S. Department of Agriculture, National Agricultural Statistics Service. (2024). 2022 Census of Agriculture."
113,environment,env index tbd,env ind tbd,Acres under conservation easements,consEasementAcres,state,,,where should these go now,"U.S. Department of Agriculture, National Agricultural Statistics Service. (2024). 2022 Census of Agriculture."
114,environment,env index tbd,env ind tbd,Conservation income per operation,consIncomePF,state,,,where should these go now,"U.S. Department of Agriculture, National Agricultural Statistics Service. (2024). 2022 Census of Agriculture."
115,environment,env index tbd,env ind tbd,"Conservation tillage acres, excluding no-till",consTillExclNoTillAcres,state,,,where should these go now,"U.S. Department of Agriculture, National Agricultural Statistics Service. (2024). 2022 Census of Agriculture."
116,environment,env index tbd,env ind tbd,"Conservation tillage acres, excluding no-till, per operation",consTillExclNoTillAcresPF,state,,,where should these go now,"U.S. Department of Agriculture, National Agricultural Statistics Service. (2024). 2022 Census of Agriculture."
117,environment,env index tbd,env ind tbd,"Conservation tillage, no-till acres",consTillNoTillAcres,state,,,where should these go now,"U.S. Department of Agriculture, National Agricultural Statistics Service. (2024). 2022 Census of Agriculture."
118,environment,env index tbd,env ind tbd,"Conservation tillage, no-till acres per operation",consTillNoTillAcresPF,state,,,where should these go now,"U.S. Department of Agriculture, National Agricultural Statistics Service. (2024). 2022 Census of Agriculture."
119,environment,env index tbd,env ind tbd,"Conservation tillage, no-till, operations",consTillNoTillNOps,state,,,where should these go now,"U.S. Department of Agriculture, National Agricultural Statistics Service. (2024). 2022 Census of Agriculture."
120,environment,env index tbd,env ind tbd,"Cover crop practices, excluding CRP, acres",coverCropExclCrpAcres,state,,,where should these go now,"U.S. Department of Agriculture, National Agricultural Statistics Service. (2024). 2022 Census of Agriculture."
121,environment,env index tbd,env ind tbd,"Cover crop practices, excluding CRP, acres per operation",coverCropExclCrpAcresPF,state,,,where should these go now,"U.S. Department of Agriculture, National Agricultural Statistics Service. (2024). 2022 Census of Agriculture."
122,environment,env index tbd,env ind tbd,"Cover crop practices, excluding CRP, operations",coverCropExclCrpNOps,state,,,where should these go now,"U.S. Department of Agriculture, National Agricultural Statistics Service. (2024). 2022 Census of Agriculture."
123,environment,env index tbd,env ind tbd,Fertilizer expenses as a percentage of operations expenses,fertExpensePercOpExp,state,,,where should these go now,"U.S. Department of Agriculture, National Agricultural Statistics Service. (2024). 2022 Census of Agriculture."
124,environment,env index tbd,env ind tbd,Operations practicing alley cropping or silvapasture,alleyCropSilvapastureNOps,state,,,where should these go now,"U.S. Department of Agriculture, National Agricultural Statistics Service. (2024). 2022 Census of Agriculture."
125,environment,env index tbd,env ind tbd,Operations using precision agriculture,precisionAgNOps,state,,,where should these go now,"U.S. Department of Agriculture, National Agricultural Statistics Service. (2024). 2022 Census of Agriculture."
126,environment,env index tbd,env ind tbd,Operations using renewable energy,renewableNOps,state,,,where should these go now,"U.S. Department of Agriculture, National Agricultural Statistics Service. (2024). 2022 Census of Agriculture."
127,environment,env index tbd,env ind tbd,Operations using rotational or intensive grazing,rotateIntenseGrazeNOps,state,,,where should these go now,"U.S. Department of Agriculture, National Agricultural Statistics Service. (2024). 2022 Census of Agriculture."
128,environment,env index tbd,env ind tbd,"Operations with conseration tillage, excluding no-till",consTillExclNoTillNOps,state,,,where should these go now,"U.S. Department of Agriculture, National Agricultural Statistics Service. (2024). 2022 Census of Agriculture."
129,environment,env index tbd,env ind tbd,Operations with conservation easements,consEasementNOps,state,,,where should these go now,"U.S. Department of Agriculture, National Agricultural Statistics Service. (2024). 2022 Census of Agriculture."
130,environment,env index tbd,env ind tbd,Operations with conservation income,consIncomeNOps,state,,,where should these go now,"U.S. Department of Agriculture, National Agricultural Statistics Service. (2024). 2022 Census of Agriculture."
131,environment,env index tbd,env ind tbd,Operations with fertilizer expenses,fertExpenseOpsWithExp,state,,,where should these go now,"U.S. Department of Agriculture, National Agricultural Statistics Service. (2024). 2022 Census of Agriculture."
132,environment,env index tbd,env ind tbd,Total conservation income,consIncomeTotal,state,,,where should these go now,"U.S. Department of Agriculture, National Agricultural Statistics Service. (2024). 2022 Census of Agriculture."
133,environment,env index tbd,env ind tbd,Total fertilizer expenses,fertExpenseTotal,state,,,where should these go now,"U.S. Department of Agriculture, National Agricultural Statistics Service. (2024). 2022 Census of Agriculture."
160,environment,water,quantity,Acre feet of irrigation from reclaimed water,waterIrrReclaimedAcreFt,state,,,raw n is no good here,"U.S. Department of Agriculture, National Agricultural Statistics Service. (2024). 2022 Census of Agriculture."
161,environment,water,quantity,Acres drained by ditches,drainedDitchesAcres,state,,,raw n is no good here,"U.S. Department of Agriculture, National Agricultural Statistics Service. (2024). 2022 Census of Agriculture."
162,environment,water,quantity,Acres drained by ditches per farm,drainedDitchesAcresPF,state,,,raw n is no good here,"U.S. Department of Agriculture, National Agricultural Statistics Service. (2024). 2022 Census of Agriculture."
163,environment,water,quantity,Acres drained by tile,drainedTileAcres,state,,,raw n is no good here,"U.S. Department of Agriculture, National Agricultural Statistics Service. (2024). 2022 Census of Agriculture."
164,environment,water,quantity,Acres drained by tile per operation,drainedTileAcresPF,state,,,raw n is no good here,"U.S. Department of Agriculture, National Agricultural Statistics Service. (2024). 2022 Census of Agriculture."
165,environment,water,quantity,Acres irrigated with reclaimed water in open areas,waterIrrReclaimedOpenAcres,state,,,raw n is no good here,"U.S. Department of Agriculture, National Agricultural Statistics Service. (2024). 2022 Census of Agriculture."
166,environment,water,quantity,Depth of irrigation wells,wellsIrrigationDepthFt,state,x,,"raw n is no good here, might need number of wells too, if we aggregate","U.S. Department of Agriculture, National Agricultural Statistics Service. (2024). 2022 Census of Agriculture."
167,environment,water,quantity,Expenses from water for irrigation sourced off-farm per acre,waterIrrSrcOffFarmExpPerAcre,state,,,raw n is no good here,"U.S. Department of Agriculture, National Agricultural Statistics Service. (2024). 2022 Census of Agriculture."
168,environment,water,quantity,Expenses from water for irrigation sourced off-farm per acre foot,waterIrrSrcOffFarmExpPerAcreFt,state,x,x,raw n is no good here,"U.S. Department of Agriculture, National Agricultural Statistics Service. (2024). 2022 Census of Agriculture."
169,environment,water,quantity,Number of irrigation wells,wellsIrrigationN,state,,,raw n is no good here,"U.S. Department of Agriculture, National Agricultural Statistics Service. (2024). 2022 Census of Agriculture."
170,environment,water,quantity,Operations irrigating with reclaimed water in open areas,waterIrrReclaimedOpenAreaNOps,state,,,raw n is no good here,"U.S. Department of Agriculture, National Agricultural Statistics Service. (2024). 2022 Census of Agriculture."
171,environment,water,quantity,Operations with irrigation wells,wellsIrrigationNOps,state,,,raw n is no good here,"U.S. Department of Agriculture, National Agricultural Statistics Service. (2024). 2022 Census of Agriculture."
172,environment,water,quantity,Operations with acres drained by tile,drainedTileNOps,state,,,raw n is no good here,"U.S. Department of Agriculture, National Agricultural Statistics Service. (2024). 2022 Census of Agriculture."
173,environment,water,quantity,Operations with drained acres by tile,drainedDitchesNOps,state,,,raw n is no good here,"U.S. Department of Agriculture, National Agricultural Statistics Service. (2024). 2022 Census of Agriculture."
174,environment,water,quantity,Operations with expenses from water for irrigation sourced off-farm,waterIrrSrcOffFarmNOpsWithExp,state,,,raw n is no good here,"U.S. Department of Agriculture, National Agricultural Statistics Service. (2024). 2022 Census of Agriculture."
175,environment,water,quantity,Total expenses from water for irrigation sourced off-farm,waterIrrSrcOffFarmExp,state,x,x,raw n is no good here,"U.S. Department of Agriculture, National Agricultural Statistics Service. (2024). 2022 Census of Agriculture."
176,environment,water,quality,Acidity condition class,lakesAcidCond,state,,,"state level, categorical","U.S. Environmental Protection Agency, National Aquatic Resource Surveys, 2022"
177,environment,water,quality,"Bed sediment condition, based on log relative bed stability (LRBS_use)",riversBedsedCond,state,,,"state level, categorical","U.S. Environmental Protection Agency, National Aquatic Resource Surveys, 2022"
178,environment,water,quality,"Condition based on ANC, DOC, and sulfate",riversAcidCond,state,,,"state level, categorical","U.S. Environmental Protection Agency, National Aquatic Resource Surveys, 2022"
179,environment,water,quality,Condition class based on benthic MMI score,riversBentMmiCond,state,,,"state level, categorical","U.S. Environmental Protection Agency, National Aquatic Resource Surveys, 2022"
180,environment,water,quality,Condition class based on total nitrogen,lakesNtlCond,state,,,"state level, categorical","U.S. Environmental Protection Agency, National Aquatic Resource Surveys, 2022"
181,environment,water,quality,Condition class based on total phosphorus,lakesPtlCond,state,,,"state level, categorical","U.S. Environmental Protection Agency, National Aquatic Resource Surveys, 2022"
182,environment,water,quality,"Condition for Chlorophyll a indicator, based on CHLX",lakesChlaCond,state,,,"state level, categorical","U.S. Environmental Protection Agency, National Aquatic Resource Surveys, 2022"
183,environment,water,quality,Cylindrospermopsin condition based on EPA benchmark,lakesCylsperEpaCond,state,,,"state level, categorical","U.S. Environmental Protection Agency, National Aquatic Resource Surveys, 2022"
184,environment,water,quality,Enterococci condition category,lakesEnt1XStvCond,state,,,"state level, categorical","U.S. Environmental Protection Agency, National Aquatic Resource Surveys, 2022"
185,environment,water,quality,"Fish assemblage condition, based on regional Fish MMI.",riversFishMmiCond,state,,,"state level, categorical","U.S. Environmental Protection Agency, National Aquatic Resource Surveys, 2022"
186,environment,water,quality,"Instream cover condition, based in log natural fish cover (L_XFC_NAT)",riversInstrmcvrCond,state,,,"state level, categorical","U.S. Environmental Protection Agency, National Aquatic Resource Surveys, 2022"
187,environment,water,quality,Lake habitat complexity condition class,lakesLitripcvrCond,state,x,,"state level, categorical","U.S. Environmental Protection Agency, National Aquatic Resource Surveys, 2022"
188,environment,water,quality,Microcystin condition based on EPA benchmark,lakesMicxEpaCond,state,,,"state level, categorical","U.S. Environmental Protection Agency, National Aquatic Resource Surveys, 2022"
189,environment,water,quality,Riparian vegetation condition class,lakesRvegCond,state,x,,"state level, categorical","U.S. Environmental Protection Agency, National Aquatic Resource Surveys, 2022"
190,environment,water,quality,"Riparian vegetation condition, based on L_XCMGW",riversRipvegCond,state,x,,"state level, categorical","U.S. Environmental Protection Agency, National Aquatic Resource Surveys, 2022"
191,environment,water,quality,Shallow water habitat condition class,lakesLitcvrCond,state,,,"state level, categorical","U.S. Environmental Protection Agency, National Aquatic Resource Surveys, 2022"
192,environment,water,quality,Site condition class based on conductivity,riversSalCond,state,x,,"state level, categorical","U.S. Environmental Protection Agency, National Aquatic Resource Surveys, 2022"
193,environment,water,quality,Site condition class based on total nitrogen concentration,riversNtlCond,state,x,,"state level, categorical","U.S. Environmental Protection Agency, National Aquatic Resource Surveys, 2022"
194,environment,water,quality,Site condition class based on total phosphorus concentration,riversPtlCond,state,x,,"state level, categorical","U.S. Environmental Protection Agency, National Aquatic Resource Surveys, 2022"
,environment,water,quantity,Weeks of extreme drought,droughtWeeksSevere,county,x,x,,"U.S. Department of Agriculture, U.S. Drought Monitor. (2024)."
,environment,water,quantity,Weeks of severe drought,droughtWeeksExtreme,county,x,x,,"U.S. Department of Agriculture, U.S. Drought Monitor. (2024)."
197,health,education,educational attainment,Percentage with bachelor's degree,edPercBS,county,x,x,,"U.S. Census Bureau, American Community Survey: 5-Year Estimates: Detailed Tables, 2022"
198,health,education,educational attainment,"Percentage with high school diploma, GED, or equivalent",edPercHSGED,county,,,,"U.S. Census Bureau, American Community Survey: 5-Year Estimates: Detailed Tables, 2022"
199,health,education,educational attainment,High school completion,highSchoolCompletion,county,,,,"University of Wisconsin Population Health Institute, County Health Rankings and Roadmaps. (2024)"
200,health,education,educational attainment,High school graduation,highSchoolGraduation,county,,,,"University of Wisconsin Population Health Institute, County Health Rankings and Roadmaps. (2024)"
201,health,education,educational attainment,Math scores,mathScores,county,,,,"University of Wisconsin Population Health Institute, County Health Rankings and Roadmaps. (2024)"
202,health,education,educational attainment,Reading scores,readingScores,county,,,,"University of Wisconsin Population Health Institute, County Health Rankings and Roadmaps. (2024)"
203,health,education,educational attainment,School funding adequacy,schoolFundingAdequacy,county,,,,"University of Wisconsin Population Health Institute, County Health Rankings and Roadmaps. (2024)"
204,health,education,educational attainment,Some college,someCollege,county,,,,"University of Wisconsin Population Health Institute, County Health Rankings and Roadmaps. (2024)"
22,health,food security,food access,"Community Supported Agriculture (CSA), number of businesses",nCSA,county,x,,economics or health?,"U.S. Department of Agriculture, Local Food Directories"
23,health,food security,food access,"Farmers markets, number of businesses",nFarmersMarket,county,x,,economics or health?,"U.S. Department of Agriculture, Local Food Directories"
205,health,food security,access to culturally appropriate food,SFAs serving culturally relevant food,sfaCulturallyRelevant,state,x,x,,U.S. Department of Agriculture Food and Nutrition Service Farm to School Program Census (2023).
206,health,food security,dietary quality,SFAs percentage of spending on local food,sfaLocalFoodCosts,state,,,,U.S. Department of Agriculture Food and Nutrition Service Farm to School Program Census (2023).
207,health,food security,dietary quality,SFAs serving local food,sfaServeLocal,state,x,x,,U.S. Department of Agriculture Food and Nutrition Service Farm to School Program Census (2023).
208,health,food security,dietary quality,SFAs with Farm to School program,sfaFarmToSchool,state,,,,U.S. Department of Agriculture Food and Nutrition Service Farm to School Program Census (2023).
209,health,food security,food affordability,"Food insecurity rate, child",foodInsecChild,county,x,,,"Feeding America, Map the Meal Gap"
210,health,food security,food affordability,"Food insecurity rate, overall",foodInsecOverall,county,x,,,"Feeding America, Map the Meal Gap"
211,health,food security,food access,Grocery stores,nGroc,county,,,,"U.S. Department of Agriculture, Economic Research Service, Food Environment Atlas, Food Environment Atlas"
212,health,food security,food access,"Grocery stores/1,000 pop",nGrocPTH,county,x,x,,"U.S. Department of Agriculture, Economic Research Service, Food Environment Atlas, Food Environment Atlas"
213,health,food security,food affordability,"SNAP participation rates, all eligible people",snapPercPart,county,,,,"U.S. Department of Agriculture, Food and Nutrition Service, Supplemental Nutrition Assistance Program (SNAP)"
214,health,food security,food affordability,"SNAP-authorized stores/1,000 pop",nSnapGrocPTH,county,x,x,,"U.S. Department of Agriculture, Economic Research Service, Food Environment Atlas, Food Environment Atlas"
215,health,food security,food affordability,"Specialized food stores/1,000 pop",nSpecGrocPTH,county,,,,"U.S. Department of Agriculture, Economic Research Service, Food Environment Atlas, Food Environment Atlas"
216,health,food security,food affordability,WIC coverage rate,wicPercPart,county,,,,"U.S. Department of Agriculture, Food and Nutrition Service"
217,health,food security,food affordability,WIC eligibility rate,wicPercEligible,county,,,,"U.S. Department of Agriculture, Food and Nutrition Service"
218,health,food security,food affordability,"WIC-authorized stores/1,000 pop",nWicsGrocPTH,county,,,,"U.S. Department of Agriculture, Economic Research Service, Food Environment Atlas, Food Environment Atlas"
219,health,food security,food security tbd,Food insecurity,foodInsecurity,county,x,x,"index, check for redundancy","University of Wisconsin Population Health Institute, County Health Rankings and Roadmaps. (2024)"
237,health,mental health,mental health tbd,Frequent mental distress,frequentMentalDistress,county,,,,"University of Wisconsin Population Health Institute, County Health Rankings and Roadmaps. (2024)"
238,health,mental health,mental health tbd,Poor mental health days,poorMentalHealthDays,county,,,,"University of Wisconsin Population Health Institute, County Health Rankings and Roadmaps. (2024)"
239,health,mental health,mental health tbd,Suicides,suicides,county,,,,"University of Wisconsin Population Health Institute, County Health Rankings and Roadmaps. (2024)"
2,health,physical health,housing supply and quality,Broadband access,broadbandAccess,county,x,,,"University of Wisconsin Population Health Institute, County Health Rankings and Roadmaps. (2024)"
220,health,physical health,physical health tbd,Access to exercise opportunities,accessToExerciseOpportunities,county,x,x,infrastructure?,"University of Wisconsin Population Health Institute, County Health Rankings and Roadmaps. (2024)"
221,health,physical health,physical health tbd,Child care centers,childCareCenters,county,,,infrastructure?,"University of Wisconsin Population Health Institute, County Health Rankings and Roadmaps. (2024)"
222,health,physical health,physical health tbd,Child care cost burden,childCareCostBurden,county,,,infrastructure?,"University of Wisconsin Population Health Institute, County Health Rankings and Roadmaps. (2024)"
223,health,physical health,physical health tbd,Dentists,dentists,county,,,infrastructure?,"University of Wisconsin Population Health Institute, County Health Rankings and Roadmaps. (2024)"
224,health,physical health,physical health tbd,Drinking water violations,drinkingWaterViolations,county,x,x,infrastructure?,"University of Wisconsin Population Health Institute, County Health Rankings and Roadmaps. (2024)"
225,health,physical health,physical health tbd,Food environment index,foodEnvironmentIndex,county,x,x,"infrastructure? index, check for redundancy","University of Wisconsin Population Health Institute, County Health Rankings and Roadmaps. (2024)"
226,health,physical health,physical health tbd,Limited access to healthy foods,limitedAccessToHealthyFoods,county,,,infrastructure?,"University of Wisconsin Population Health Institute, County Health Rankings and Roadmaps. (2024)"
227,health,physical health,physical health tbd,Mammography screening,mammographyScreening,county,,,infrastructure?,"University of Wisconsin Population Health Institute, County Health Rankings and Roadmaps. (2024)"
228,health,physical health,physical health tbd,Mental health providers,mentalHealthProviders,county,x,x,infrastructure?,"University of Wisconsin Population Health Institute, County Health Rankings and Roadmaps. (2024)"
229,health,physical health,physical health tbd,Other primary care providers,otherPrimaryCareProviders,county,,,infrastructure?,"University of Wisconsin Population Health Institute, County Health Rankings and Roadmaps. (2024)"
230,health,physical health,physical health tbd,Primary care physicians,primaryCarePhysicians,county,x,x,infrastructure?,"University of Wisconsin Population Health Institute, County Health Rankings and Roadmaps. (2024)"
231,health,physical health,physical health tbd,Uninsured,uninsured,county,x,x,infrastructure?,"University of Wisconsin Population Health Institute, County Health Rankings and Roadmaps. (2024)"
232,health,physical health,physical health tbd,Uninsured adults,uninsuredAdults,county,,,infrastructure?,"University of Wisconsin Population Health Institute, County Health Rankings and Roadmaps. (2024)"
233,health,physical health,physical health tbd,Uninsured children,uninsuredChildren,county,,,infrastructure?,"University of Wisconsin Population Health Institute, County Health Rankings and Roadmaps. (2024)"
234,health,physical health,housing supply and quality,Homeownership,homeownership,county,x,x,,"University of Wisconsin Population Health Institute, County Health Rankings and Roadmaps. (2024)"
235,health,physical health,housing supply and quality,Severe housing cost burden,severeHousingCostBurden,county,x,x,,"University of Wisconsin Population Health Institute, County Health Rankings and Roadmaps. (2024)"
236,health,physical health,housing supply and quality,Severe housing problems,severeHousingProblems,county,,,,"University of Wisconsin Population Health Institute, County Health Rankings and Roadmaps. (2024)"
240,health,physical health,physical health tbd,Health Factor Group,healthFactorGroup,county,,,,"University of Wisconsin Population Health Institute, County Health Rankings and Roadmaps. (2024)"
241,health,physical health,physical health tbd,Health Factor Z-Score,healthFactorZ,county,x,x,"index, check for redundancy","University of Wisconsin Population Health Institute, County Health Rankings and Roadmaps. (2024)"
242,health,physical health,physical health tbd,Health Outcome Group,healthOutcomeGroup,county,,,,"University of Wisconsin Population Health Institute, County Health Rankings and Roadmaps. (2024)"
243,health,physical health,physical health tbd,Health Outcome Z-Score,healthOutcomeZ,county,x,x,"index, check for redundancy","University of Wisconsin Population Health Institute, County Health Rankings and Roadmaps. (2024)"
244,health,physical health,housing supply and quality,Median housing age,medianHousingYear,county,,,,"U.S. Census Bureau, American Community Survey: 5-Year Estimates: Detailed Tables, 2022"
245,health,physical health,housing supply and quality,Median rent,rentMedian,county,,,,"U.S. Census Bureau, American Community Survey: 5-Year Estimates: Detailed Tables, 2022"
246,health,physical health,housing supply and quality,Median rent as a percentage of income,rentMedianPercHH,county,,,,"U.S. Census Bureau, American Community Survey: 5-Year Estimates: Detailed Tables, 2022"
247,health,physical health,housing supply and quality,"Median rent, 1br",rentMedian1BR,county,,,,"U.S. Census Bureau, American Community Survey: 5-Year Estimates: Detailed Tables, 2022"
248,health,physical health,housing supply and quality,"Median rent, 4br",rentMedian4BR,county,,,,"U.S. Census Bureau, American Community Survey: 5-Year Estimates: Detailed Tables, 2022"
249,health,physical health,housing supply and quality,Number of occupied housing units,nHousingOccupied,county,,,,"U.S. Census Bureau, American Community Survey: 5-Year Estimates: Detailed Tables, 2022"
250,health,physical health,housing supply and quality,Number of total housing units,nHousingUnits,county,,,,"U.S. Census Bureau, American Community Survey: 5-Year Estimates: Detailed Tables, 2022"
251,health,physical health,housing supply and quality,Number of vacant housing units,nHousingVacant,county,,,,"U.S. Census Bureau, American Community Survey: 5-Year Estimates: Detailed Tables, 2022"
252,health,physical health,housing supply and quality,Rental vacancy rate,vacancyRate,county,x,x,,"U.S. Census Bureau, American Community Survey: 5-Year Estimates: Detailed Tables, 2022"
253,health,physical health,physical health tbd,Adult obesity,adultObesity,county,,,,"University of Wisconsin Population Health Institute, County Health Rankings and Roadmaps. (2024)"
254,health,physical health,physical health tbd,Adult smoking,adultSmoking,county,,,,"University of Wisconsin Population Health Institute, County Health Rankings and Roadmaps. (2024)"
255,health,physical health,physical health tbd,Air pollution - particulate matter,airPollutionParticulateMatter,county,,,,"University of Wisconsin Population Health Institute, County Health Rankings and Roadmaps. (2024)"
256,health,physical health,physical health tbd,Child mortality,childMortality,county,,,,"University of Wisconsin Population Health Institute, County Health Rankings and Roadmaps. (2024)"
257,health,physical health,physical health tbd,Diabetes prevalence,diabetesPrevalence,county,,,,"University of Wisconsin Population Health Institute, County Health Rankings and Roadmaps. (2024)"
258,health,physical health,physical health tbd,Drug overdose deaths,drugOverdoseDeaths,county,x,x,,"University of Wisconsin Population Health Institute, County Health Rankings and Roadmaps. (2024)"
259,health,physical health,physical health tbd,Excessive drinking,excessiveDrinking,county,,,,"University of Wisconsin Population Health Institute, County Health Rankings and Roadmaps. (2024)"
260,health,physical health,physical health tbd,Firearm fatalities,firearmFatalities,county,,,,"University of Wisconsin Population Health Institute, County Health Rankings and Roadmaps. (2024)"
261,health,physical health,physical health tbd,Flu vaccinations,fluVaccinations,county,,,,"University of Wisconsin Population Health Institute, County Health Rankings and Roadmaps. (2024)"
262,health,physical health,physical health tbd,Frequent physical distress,frequentPhysicalDistress,county,,,,"University of Wisconsin Population Health Institute, County Health Rankings and Roadmaps. (2024)"
263,health,physical health,physical health tbd,Hiv prevalence,hivPrevalence,county,,,,"University of Wisconsin Population Health Institute, County Health Rankings and Roadmaps. (2024)"
264,health,physical health,physical health tbd,Homicides,homicides,county,,,,"University of Wisconsin Population Health Institute, County Health Rankings and Roadmaps. (2024)"
265,health,physical health,physical health tbd,Infant mortality,infantMortality,county,x,x,,"University of Wisconsin Population Health Institute, County Health Rankings and Roadmaps. (2024)"
266,health,physical health,physical health tbd,Injury deaths,injuryDeaths,county,x,x,,"University of Wisconsin Population Health Institute, County Health Rankings and Roadmaps. (2024)"
267,health,physical health,physical health tbd,Insufficient sleep,insufficientSleep,county,,,,"University of Wisconsin Population Health Institute, County Health Rankings and Roadmaps. (2024)"
268,health,physical health,physical health tbd,Life expectancy,lifeExpectancy,county,x,x,,"University of Wisconsin Population Health Institute, County Health Rankings and Roadmaps. (2024)"
269,health,physical health,physical health tbd,Low birthweight,lowBirthweight,county,x,x,,"University of Wisconsin Population Health Institute, County Health Rankings and Roadmaps. (2024)"
270,health,physical health,physical health tbd,Motor vehicle crash deaths,motorVehicleCrashDeaths,county,x,x,,"University of Wisconsin Population Health Institute, County Health Rankings and Roadmaps. (2024)"
271,health,physical health,physical health tbd,Physical inactivity,physicalInactivity,county,,,,"University of Wisconsin Population Health Institute, County Health Rankings and Roadmaps. (2024)"
272,health,physical health,physical health tbd,Poor or fair health,poorOrFairHealth,county,,,,"University of Wisconsin Population Health Institute, County Health Rankings and Roadmaps. (2024)"
273,health,physical health,physical health tbd,Poor physical health days,poorPhysicalHealthDays,county,,,,"University of Wisconsin Population Health Institute, County Health Rankings and Roadmaps. (2024)"
274,health,physical health,physical health tbd,Premature age-adjusted mortality,prematureAgeAdjustedMortality,county,x,x,,"University of Wisconsin Population Health Institute, County Health Rankings and Roadmaps. (2024)"
275,health,physical health,physical health tbd,Premature death,prematureDeath,county,,,,"University of Wisconsin Population Health Institute, County Health Rankings and Roadmaps. (2024)"
276,health,physical health,physical health tbd,Preventable hospital stays,preventableHospitalStays,county,,,,"University of Wisconsin Population Health Institute, County Health Rankings and Roadmaps. (2024)"
277,health,physical health,physical health tbd,Sexually transmitted infections,sexuallyTransmittedInfections,county,,,,"University of Wisconsin Population Health Institute, County Health Rankings and Roadmaps. (2024)"
278,health,physical health,physical health tbd,Teen births,teenBirths,county,x,x,,"University of Wisconsin Population Health Institute, County Health Rankings and Roadmaps. (2024)"
279,production,imports vs exports,total quantity exported,Value of beef and veal exports,exportsBeefAndVeal,state,,,,"US Department of Agriculture, Economic Research Service, State Agricultural Trade Data, State Exports"
280,production,imports vs exports,total quantity exported,Value of broiler meat exports,exportsBroilerMeat,state,,,,"US Department of Agriculture, Economic Research Service, State Agricultural Trade Data, State Exports"
281,production,imports vs exports,total quantity exported,Value of corn exports,exportsCorn,state,,,,"US Department of Agriculture, Economic Research Service, State Agricultural Trade Data, State Exports"
282,production,imports vs exports,total quantity exported,Value of cotton exports,exportsCotton,state,,,,"US Department of Agriculture, Economic Research Service, State Agricultural Trade Data, State Exports"
283,production,imports vs exports,total quantity exported,Value of dairy products exports,exportsDairyProducts,state,,,,"US Department of Agriculture, Economic Research Service, State Agricultural Trade Data, State Exports"
284,production,imports vs exports,total quantity exported,Value of feeds and other feed grains exports,exportsFeedsAndOtherFeedGrains,state,,,,"US Department of Agriculture, Economic Research Service, State Agricultural Trade Data, State Exports"
285,production,imports vs exports,total quantity exported,Value of fruits fresh exports,exportsFruitsFresh,state,,,,"US Department of Agriculture, Economic Research Service, State Agricultural Trade Data, State Exports"
286,production,imports vs exports,total quantity exported,Value of fruits processed exports,exportsFruitsProcessed,state,,,,"US Department of Agriculture, Economic Research Service, State Agricultural Trade Data, State Exports"
287,production,imports vs exports,total quantity exported,Value of grain products exports,exportsGrainProducts,state,,,,"US Department of Agriculture, Economic Research Service, State Agricultural Trade Data, State Exports"
288,production,imports vs exports,total quantity exported,Value of hides and skins exports,exportsHidesAndSkins,state,,,,"US Department of Agriculture, Economic Research Service, State Agricultural Trade Data, State Exports"
289,production,imports vs exports,total quantity exported,Value of other livestock products exports,exportsOtherLivestockProducts,state,,,,"US Department of Agriculture, Economic Research Service, State Agricultural Trade Data, State Exports"
290,production,imports vs exports,total quantity exported,Value of other oilseeds and products exports,exportsOtherOilseedsAndProducts,state,,,,"US Department of Agriculture, Economic Research Service, State Agricultural Trade Data, State Exports"
291,production,imports vs exports,total quantity exported,Value of other plant products exports,exportsOtherPlantProducts,state,,,,"US Department of Agriculture, Economic Research Service, State Agricultural Trade Data, State Exports"
292,production,imports vs exports,total quantity exported,Value of other poultry products exports,exportsOtherPoultryProducts,state,,,,"US Department of Agriculture, Economic Research Service, State Agricultural Trade Data, State Exports"
293,production,imports vs exports,total quantity exported,Value of pork exports,exportsPork,state,,,,"US Department of Agriculture, Economic Research Service, State Agricultural Trade Data, State Exports"
294,production,imports vs exports,total quantity exported,Value of rice exports,exportsRice,state,,,,"US Department of Agriculture, Economic Research Service, State Agricultural Trade Data, State Exports"
295,production,imports vs exports,total quantity exported,Value of soybean meal exports,exportsSoybeanMeal,state,,,,"US Department of Agriculture, Economic Research Service, State Agricultural Trade Data, State Exports"
296,production,imports vs exports,total quantity exported,Value of soybeans exports,exportsSoybeans,state,,,,"US Department of Agriculture, Economic Research Service, State Agricultural Trade Data, State Exports"
297,production,imports vs exports,total quantity exported,Value of tobacco exports,exportsTobacco,state,,,,"US Department of Agriculture, Economic Research Service, State Agricultural Trade Data, State Exports"
298,production,imports vs exports,total quantity exported,Value of total agricultural exports,exportsTotalAgricultural,state,x,x,,"US Department of Agriculture, Economic Research Service, State Agricultural Trade Data, State Exports"
299,production,imports vs exports,total quantity exported,Value of total animal products exports,exportsTotalAnimalProducts,state,,,,"US Department of Agriculture, Economic Research Service, State Agricultural Trade Data, State Exports"
300,production,imports vs exports,total quantity exported,Value of total plant products exports,exportsTotalPlantProducts,state,,,,"US Department of Agriculture, Economic Research Service, State Agricultural Trade Data, State Exports"
301,production,imports vs exports,total quantity exported,Value of tree nuts exports,exportsTreeNuts,state,,,,"US Department of Agriculture, Economic Research Service, State Agricultural Trade Data, State Exports"
302,production,imports vs exports,total quantity exported,Value of vegetable oils exports,exportsVegetableOils,state,,,,"US Department of Agriculture, Economic Research Service, State Agricultural Trade Data, State Exports"
303,production,imports vs exports,total quantity exported,Value of vegetables fresh exports,exportsVegetablesFresh,state,,,,"US Department of Agriculture, Economic Research Service, State Agricultural Trade Data, State Exports"
304,production,imports vs exports,total quantity exported,Value of vegetables processed exports,exportsVegetablesProcessed,state,,,,"US Department of Agriculture, Economic Research Service, State Agricultural Trade Data, State Exports"
305,production,imports vs exports,total quantity exported,Value of wheat exports,exportsWheat,state,,,,"US Department of Agriculture, Economic Research Service, State Agricultural Trade Data, State Exports"
306,production,imports vs exports,total quantity imported,value of top five imports,importsTopFive,state,x,,would like a better measure than top 5 imports,"US Department of Agriculture, Economic Research Service, State Agricultural Trade Data, State Trade by Country of Origin and Destination"
307,production,production diversity,richness,Crop diversity,cropDiversity,county,x,x,,"U.S. Department of Agriculture, National Agricultural Statistics Service, Cropland Data Layer"
308,production,production margins,production inputs,Chemical expenses,expChemical,county,,,,"U.S. Department of Agriculture, National Agricultural Statistics Service. (2024). 2022 Census of Agriculture."
309,production,production margins,production inputs,Mean chemical expenses per operation,expChemPF,county,x,x,,"U.S. Department of Agriculture, National Agricultural Statistics Service. (2024). 2022 Census of Agriculture."
310,production,production margins,production inputs,Number of operations with chemical expenses,nOpsChemical,county,,,,"U.S. Department of Agriculture, National Agricultural Statistics Service. (2024). 2022 Census of Agriculture."
311,production,production margins,total quantity food products,Total animal and crop sales,salesAnimalCrop,county,x,x,,"U.S. Department of Agriculture, National Agricultural Statistics Service. (2024). 2022 Census of Agriculture."
312,production,production margins,total quantity food products,Total animal sales,salesAnimal,county,,,,"U.S. Department of Agriculture, National Agricultural Statistics Service. (2024). 2022 Census of Agriculture."
313,production,production margins,total quantity food products,Total crop sales,salesCrop,county,,,,"U.S. Department of Agriculture, National Agricultural Statistics Service. (2024). 2022 Census of Agriculture."
314,production,production margins,total quantity forest products,Total forest product income,incForestProducts,county,x,x,,"U.S. Department of Agriculture, National Agricultural Statistics Service. (2024). 2022 Census of Agriculture."
315,production,production margins,value added market,"Farms, number of farms with value-added sales",nValueAddedFarms,county,,,,"U.S. Department of Agriculture, National Agricultural Statistical Survey, Census of Agriculture"
316,production,production margins,value added market,"Farms, percent of all farms with value-added sales",valueAddedFarmsPerc,county,x,x,redundant?,"U.S. Department of Agriculture, National Agricultural Statistical Survey, Census of Agriculture"
317,production,production margins,value added market,"Farms, value-added sales",valueAddedSales,county,,,,"U.S. Department of Agriculture, National Agricultural Statistical Survey, Census of Agriculture"
318,production,production margins,value added market,"Farms, value-added sales as a percent of all farm sales",valueAddedSalesPerc,county,x,x,redundant?,"U.S. Department of Agriculture, National Agricultural Statistical Survey, Census of Agriculture"
26,production,production index tbd,production ind tbd,Anaerobic digestion facilities,nAnaerDigestion,county,,,"not good metrics, and no updates",U.S. Environmental Protection Agency (EPA)
27,production,production index tbd,production ind tbd,"Composting facilities, number",nCompost,county,,,"not good metrics, and no updates",U.S. Environmental Protection Agency (EPA)
28,production,production index tbd,production ind tbd,"Food hubs, count",nFoodHubs,county,,,"not good metrics, and no updates","U.S. Department of Agriculture, Local Food Directories"
29,production,production index tbd,production ind tbd,"Meat processors, count",nMeatProcess,county,,,"not good metrics, and no updates","U.S. Department of Agriculture, Food Safety and Inspection Service"
30,production,production index tbd,production ind tbd,"Refrigerated warehouses, private and semi private, count",nPrivFridge,state,,,"not good metrics, and no updates","U.S. Department of Agriculture, Economics, Statistics, and Market Information System"
31,production,production index tbd,production ind tbd,"Refrigerated warehouses, public, count",nPubFridge,state,,,"not good metrics, and no updates","U.S. Department of Agriculture, Economics, Statistics, and Market Information System"
319,social,community embeddedness,social connectedness,Children in single-parent households,childrenInSingleParentHouseholds,county,,,,"University of Wisconsin Population Health Institute, County Health Rankings and Roadmaps. (2024)"
320,social,community embeddedness,social connectedness,Disconnected youth,disconnectedYouth,county,x,x,,"University of Wisconsin Population Health Institute, County Health Rankings and Roadmaps. (2024)"
321,social,community embeddedness,social connectedness,Social associations,socialAssociations,county,x,x,,"University of Wisconsin Population Health Institute, County Health Rankings and Roadmaps. (2024)"
322,social,community embeddedness,social connectedness,Driving alone to work,drivingAloneToWork,county,,,,"University of Wisconsin Population Health Institute, County Health Rankings and Roadmaps. (2024)"
323,social,community livability,community safety,Alcohol-impaired driving deaths,alcoholImpairedDrivingDeaths,county,,,,"University of Wisconsin Population Health Institute, County Health Rankings and Roadmaps. (2024)"
324,social,community livability,community safety,Juvenile arrests,juvenileArrests,county,,,,"University of Wisconsin Population Health Institute, County Health Rankings and Roadmaps. (2024)"
325,social,community livability,diverse representation,Residential segregation - black/white,residentialSegregationBlackWhite,county,x,x,,"University of Wisconsin Population Health Institute, County Health Rankings and Roadmaps. (2024)"
326,social,community livability,diverse representation,School segregation,schoolSegregation,county,x,x,,"University of Wisconsin Population Health Institute, County Health Rankings and Roadmaps. (2024)"
327,social,community livability,community livability ind tbd,Long commute - driving alone,longCommuteDrivingAlone,county,,,,"University of Wisconsin Population Health Institute, County Health Rankings and Roadmaps. (2024)"
328,social,community livability,community livability ind tbd,Traffic volume,trafficVolume,county,,,,"University of Wisconsin Population Health Institute, County Health Rankings and Roadmaps. (2024)"
329,social,food and farmworker diversity,gender diversity,Ratio of female to male producers,ftmProdRatio,county,x,x,,"U.S. Department of Agriculture, National Agricultural Statistics Service. (2024). 2022 Census of Agriculture."
330,social,food and farmworker diversity,age diversity,Mean producer age,ageProducers,county,x,x,,"U.S. Department of Agriculture, National Agricultural Statistics Service. (2024). 2022 Census of Agriculture."
331,social,food and farmworker diversity,gender diversity,Number of female producers,nFemProducers,county,,,aggregate these,"U.S. Department of Agriculture, National Agricultural Statistics Service. (2024). 2022 Census of Agriculture."
332,social,food and farmworker diversity,gender diversity,Number of male producers,nMaleProducers,county,,,aggregate these,"U.S. Department of Agriculture, National Agricultural Statistics Service. (2024). 2022 Census of Agriculture."
333,social,food and farmworker diversity,racial diversity,Number of American Indian producers,nAmInProducers,county,,,aggregate these,"U.S. Department of Agriculture, National Agricultural Statistics Service. (2024). 2022 Census of Agriculture."
334,social,food and farmworker diversity,racial diversity,Number of Asian producers,nAsianProducers,county,,,aggregate these,"U.S. Department of Agriculture, National Agricultural Statistics Service. (2024). 2022 Census of Agriculture."
335,social,food and farmworker diversity,racial diversity,Number of Black producers,nBlackProducers,county,,,aggregate these,"U.S. Department of Agriculture, National Agricultural Statistics Service. (2024). 2022 Census of Agriculture."
336,social,food and farmworker diversity,racial diversity,Number of Hispanic producers,nHispProducers,county,,,aggregate these,"U.S. Department of Agriculture, National Agricultural Statistics Service. (2024). 2022 Census of Agriculture."
337,social,food and farmworker diversity,racial diversity,Number of Native Hawaiian or Pacific Islander producers,nNaHaProducers,county,,,aggregate these,"U.S. Department of Agriculture, National Agricultural Statistics Service. (2024). 2022 Census of Agriculture."
338,social,food and farmworker diversity,racial diversity,Number of White producers,nWhiteProducers,county,,,aggregate these,"U.S. Department of Agriculture, National Agricultural Statistics Service. (2024). 2022 Census of Agriculture."
339,social,food and farmworker diversity,racial diversity,Total number of producers,nProducer,county,,,aggregate these,"U.S. Department of Agriculture, National Agricultural Statistics Service. (2024). 2022 Census of Agriculture."
340,social,food system governance,participatory governance,Census participation,censusParticipation,county,x,x,,"University of Wisconsin Population Health Institute, County Health Rankings and Roadmaps. (2024)"
341,social,food system governance,participatory governance,Voter turnout,voterTurnout,county,x,x,,"University of Wisconsin Population Health Institute, County Health Rankings and Roadmaps. (2024)"
342,utilities,utilities,utils,Metropolitan Area,metro,county,,,,"U.S. Department of of Agriculture, Economic Research Service"
343,utilities,utilities,utils,Rural Urban Continuum Code,ruralUrbanContinuumCode,county,,,,"U.S. Department of of Agriculture, Economic Research Service"
344,utilities,utilities,utils,Urban Influence Code,urbanInfluenceCode,county,,,,"U.S. Department of of Agriculture, Economic Research Service"
