dimension,index,indicator,metric,variable_name,source
economics,community economy,employee numbers,Civilian Labor Force,civLaborForce,"U.S. Department of Labor, Bureau of Labor Statistics, Local Area Unemployment Statistics (LAUS)"
economics,community economy,tbd,Broadband access,broadbandAccess,"University of Wisconsin Population Health Institute, County Health Rankings and Roadmaps. (2024)"
economics,community economy,unemployment,Unemployment,unemployment,"University of Wisconsin Population Health Institute, County Health Rankings and Roadmaps. (2024)"
economics,community economy,wage rate,"Median earnings (dollars) for female, farming, fishing, and forestry occupations",medianEarnFemaleFarm,"U.S.Census Bureau, American Community Survey"
economics,community economy,wage rate,"Median earnings (dollars) for female, food preparation and serving related occupations",medianEarnFemaleFood,"U.S.Census Bureau, American Community Survey"
economics,community economy,wage rate,"Median earnings (dollars) for male, farming, fishing, and forestry occupations",medianEarnMaleFarm,"U.S.Census Bureau, American Community Survey"
economics,community economy,wage rate,"Median earnings (dollars) for male, food preparation and serving related occupations",medianEarnMaleFood,"U.S.Census Bureau, American Community Survey"
economics,community economy,wage rate,"Women's earnings as a percentage of men's earning, farming, fishing, and forestry occupations",womenEarnPercMaleFarm,"U.S.Census Bureau, American Community Survey"
economics,community economy,wage rate,"Women's earnings as a percentage of men's earning, food preparation and serving related occupations",womenEarnPercMaleFood,"U.S.Census Bureau, American Community Survey"
economics,community economy,wealth / income distribution,Children eligible for free or reduced price lunch,childrenEligibleForFreeOrReducedPriceLunch,"University of Wisconsin Population Health Institute, County Health Rankings and Roadmaps. (2024)"
economics,community economy,wealth / income distribution,Children in poverty,childrenInPoverty,"University of Wisconsin Population Health Institute, County Health Rankings and Roadmaps. (2024)"
economics,community economy,wealth / income distribution,Gender pay gap,genderPayGap,"University of Wisconsin Population Health Institute, County Health Rankings and Roadmaps. (2024)"
economics,community economy,wealth / income distribution,Income inequality,incomeInequality,"University of Wisconsin Population Health Institute, County Health Rankings and Roadmaps. (2024)"
economics,community economy,wealth / income distribution,Living wage,livingWage,"University of Wisconsin Population Health Institute, County Health Rankings and Roadmaps. (2024)"
economics,community economy,wealth / income distribution,Median household income,medianHouseholdIncome,"University of Wisconsin Population Health Institute, County Health Rankings and Roadmaps. (2024)"
economics,community economy,wealth/income distribution,Gini Index,gini,"U.S. Census Bureau, American Community Survey: 5-Year Estimates: Detailed Tables, 2022."
economics,community economy,wealth/income distribution,Median Household Income,medHhIncome,"U.S. Department of Commerce, Bureau of the Census, Small Area Income and Poverty Estimates (SAIPE) Program"
economics,community economy,wealth/income distribution,Median Household Income (% of State Avg),medHhIncomePercState,"U.S. Department of Commerce, Bureau of the Census, Small Area Income and Poverty Estimates (SAIPE) Program"
economics,community economy,wealth/income distribution,Number Employed,employed,"U.S. Department of Labor, Bureau of Labor Statistics, Local Area Unemployment Statistics (LAUS)"
economics,community economy,wealth/income distribution,Number unemployed,unemployed,"U.S. Department of Labor, Bureau of Labor Statistics, Local Area Unemployment Statistics (LAUS)"
economics,community economy,wealth/income distribution,Unemployment Rate,unemploymentRate,"U.S. Department of Labor, Bureau of Labor Statistics, Local Area Unemployment Statistics (LAUS)"
economics,community economy,NA,Metropolitan Area,metro,"U.S. Department of of Agriculture, Economic Research Service"
economics,community economy,NA,Rural Urban Continuum Code,ruralUrbanContinuumCode,"U.S. Department of of Agriculture, Economic Research Service"
economics,community economy,NA,Urban Influence Code,urbanInfluenceCode,"U.S. Department of of Agriculture, Economic Research Service"
economics,distribution chain localness,direct to consumer sales,"Community Supported Agriculture (CSA), number of businesses",nCSA,"U.S. Department of Agriculture, Local Food Directories"
economics,distribution chain localness,direct to consumer sales,"Farmers markets, number of businesses",nFarmersMarket,"U.S. Department of Agriculture, Local Food Directories"
economics,distribution chain localness,direct to consumer sales,"Farms, direct-to-consumer sales as a percent of all farm sales",d2cSalesPerc,"U.S. Department of Agriculture, National Agricultural Statistical Survey, Census of Agriculture"
economics,distribution chain localness,direct to consumer sales,"On farm market, number of businesses",nOnFarmMarket,"U.S. Department of Agriculture, Local Food Directories"
economics,distribution chain localness,distribution chain capacity,Anaerobic digestion facilities,nAnaerDigestion,U.S. Environmental Protection Agency (EPA)
economics,distribution chain localness,distribution chain capacity,"Composting facilities, number",nCompost,U.S. Environmental Protection Agency (EPA)
economics,distribution chain localness,distribution chain capacity,"Food hubs, count",nFoodHubs,"U.S. Department of Agriculture, Local Food Directories"
economics,distribution chain localness,distribution chain capacity,"Meat processors, count",nMeatProcess,"U.S. Department of Agriculture, Food Safety and Inspection Service"
economics,distribution chain localness,distribution chain capacity,"Refrigerated warehouses, private and semi private, count",nPrivFridge,"U.S. Department of Agriculture, Economics, Statistics, and Market Information System"
economics,distribution chain localness,distribution chain capacity,"Refrigerated warehouses, public, count",nPubFridge,"U.S. Department of Agriculture, Economics, Statistics, and Market Information System"
economics,distribution chain localness,local sales,"Agritourism, sales as a percent of all farm sales",agTourSalesPerc,"U.S. Department of Agriculture, National Agricultural Statistical Survey, Census of Agriculture"
economics,distribution chain localness,local sales,"Farms, local marketing channel sales as a percent of all farm sales",localSalesPerc,"U.S. Department of Agriculture, National Agricultural Statistical Survey, Census of Agriculture"
economics,farmer personal finance,operator salary/wage,Net return to operators,netReturnOperators,"U.S. Department of Agriculture, Economic Research Service, Farm Income and Wealth Statistics"
economics,food business profitability,acreage in production,Mean acres per farm,acresPF,"U.S. Department of Agriculture, National Agricultural Statistics Service. (2024). 2022 Census of Agriculture."
economics,food business profitability,acreage in production,Median acres per farm,medianAcresPF,"U.S. Department of Agriculture, National Agricultural Statistics Service. (2024). 2022 Census of Agriculture."
economics,food business profitability,acreage in production,Total acres operated,acresOperated,"U.S. Department of Agriculture, National Agricultural Statistics Service. (2024). 2022 Census of Agriculture."
economics,food business profitability,assets and liabilities,Land and building value per acre,landValPerAcre,"U.S. Department of Agriculture, National Agricultural Statistics Service. (2024). 2022 Census of Agriculture."
economics,food business profitability,assets and liabilities,Land and building value per farm,landValPF,"U.S. Department of Agriculture, National Agricultural Statistics Service. (2024). 2022 Census of Agriculture."
economics,food business profitability,labor costs,Labor expenses,expHiredLabor,"U.S. Department of Agriculture, National Agricultural Statistics Service. (2024). 2022 Census of Agriculture."
economics,food business profitability,labor costs,Labor expenses as percentage of expenses,expHiredLaborPercOpExp,"U.S. Department of Agriculture, National Agricultural Statistics Service. (2024). 2022 Census of Agriculture."
economics,food business profitability,labor costs,Labor expenses per farm,expHiredLaborPF,"U.S. Department of Agriculture, National Agricultural Statistics Service. (2024). 2022 Census of Agriculture."
economics,food business profitability,labor costs,Number of hired workers,nHiredWorkers,"U.S. Department of Agriculture, National Agricultural Statistics Service. (2024). 2022 Census of Agriculture."
economics,food business profitability,labor costs,Number of long-term workers,nWorkersGE150,"U.S. Department of Agriculture, National Agricultural Statistics Service. (2024). 2022 Census of Agriculture."
economics,food business profitability,labor costs,Number of migrant workers,nMigrantWorkers,"U.S. Department of Agriculture, National Agricultural Statistics Service. (2024). 2022 Census of Agriculture."
economics,food business profitability,labor costs,Number of operations with hired labor,nOpsHiredLabor,"U.S. Department of Agriculture, National Agricultural Statistics Service. (2024). 2022 Census of Agriculture."
economics,food business profitability,labor costs,Number of operations with labor expenses,nOpsHiredLaborExp,"U.S. Department of Agriculture, National Agricultural Statistics Service. (2024). 2022 Census of Agriculture."
economics,food business profitability,labor costs,Number of operations with long-term labor,nOpsWorkersGE150,"U.S. Department of Agriculture, National Agricultural Statistics Service. (2024). 2022 Census of Agriculture."
economics,food business profitability,labor costs,Number of operations with migrant labor,nOpsMigrantWorkers,"U.S. Department of Agriculture, National Agricultural Statistics Service. (2024). 2022 Census of Agriculture."
economics,food business profitability,labor costs,Number of operations with short-term labor,nOpsWorkersLE150,"U.S. Department of Agriculture, National Agricultural Statistics Service. (2024). 2022 Census of Agriculture."
economics,food business profitability,labor costs,Number of operations with unpaid labor,nOpsUnpaidWorkers,"U.S. Department of Agriculture, National Agricultural Statistics Service. (2024). 2022 Census of Agriculture."
economics,food business profitability,labor costs,Number of short-term workers,nWorkersLE150,"U.S. Department of Agriculture, National Agricultural Statistics Service. (2024). 2022 Census of Agriculture."
economics,food business profitability,labor costs,Number of unpaid workers,nUnpaidWorkers,"U.S. Department of Agriculture, National Agricultural Statistics Service. (2024). 2022 Census of Agriculture."
economics,food business profitability,total costs,Expenses per operation,expPF,"U.S. Department of Agriculture, National Agricultural Statistics Service. (2024). 2022 Census of Agriculture."
economics,food business profitability,total sales,mean farm related income per operation,farmIncomePF,"U.S. Department of Agriculture, National Agricultural Statistics Service. (2024). 2022 Census of Agriculture."
environment,air quality,greenhouse gas emissions,"MMT CO2 eq, Agricultural Soil Management (Inventory Sectors)",mmtCo2agriculturalSoilManagementInv,"U.S. Environmental Protection Agency, Greenhouse Gas Inventory Explorer, 2023"
environment,air quality,greenhouse gas emissions,"MMT CO2 eq, Agriculture Sector (Economic Sectors)",mmtCo2agricultureSectorEcon,"U.S. Environmental Protection Agency, Greenhouse Gas Inventory Explorer, 2023"
environment,air quality,greenhouse gas emissions,"MMT CO2 eq, Agriculture Sector Fuel Combustion (Economic Sectors)",mmtCo2agricultureSectorFuelCombustionEcon,"U.S. Environmental Protection Agency, Greenhouse Gas Inventory Explorer, 2023"
environment,air quality,greenhouse gas emissions,"MMT CO2 eq, Crop Cultivation (Economic Sectors)",mmtCo2cropCultivationEcon,"U.S. Environmental Protection Agency, Greenhouse Gas Inventory Explorer, 2023"
environment,air quality,greenhouse gas emissions,"MMT CO2 eq, Enteric Fermentation (Inventory Sectors)",mmtCo2entericFermentationInv,"U.S. Environmental Protection Agency, Greenhouse Gas Inventory Explorer, 2023"
environment,air quality,greenhouse gas emissions,"MMT CO2 eq, Field Burning of Agricultural Residues (Inventory Sectors)",mmtCo2fieldBurningOfAgriculturalResiduesInv,"U.S. Environmental Protection Agency, Greenhouse Gas Inventory Explorer, 2023"
environment,air quality,greenhouse gas emissions,"MMT CO2 eq, Liming (Inventory Sectors)",mmtCo2limingInv,"U.S. Environmental Protection Agency, Greenhouse Gas Inventory Explorer, 2023"
environment,air quality,greenhouse gas emissions,"MMT CO2 eq, Livestock (Economic Sectors)",mmtCo2livestockEcon,"U.S. Environmental Protection Agency, Greenhouse Gas Inventory Explorer, 2023"
environment,air quality,greenhouse gas emissions,"MMT CO2 eq, Manure Management (Inventory Sectors)",mmtCo2manureManagementInv,"U.S. Environmental Protection Agency, Greenhouse Gas Inventory Explorer, 2023"
environment,air quality,greenhouse gas emissions,"MMT CO2 eq, Urea Fertilization (Inventory Sectors)",mmtCo2ureaFertilizationInv,"U.S. Environmental Protection Agency, Greenhouse Gas Inventory Explorer, 2023"
environment,air quality,greenhouse gas emissions,"MMT NV2 eq, Rice Cultivation (Inventory Sectors)",mmtCo2riceCultivationInv,"U.S. Environmental Protection Agency, Greenhouse Gas Inventory Explorer, 2023"
environment,biodiversity,above ground biomass,Forest carbon - dead and down,forestCarbonDeadDown,TreeMap 2016: A tree-level model of the forests of the conterminous United States circa 2016
environment,biodiversity,above ground biomass,Forest carbon - live standing,forestCarbonLive,TreeMap 2016: A tree-level model of the forests of the conterminous United States circa 2016
environment,biodiversity,above ground biomass,Forest carbon - standing dead,forestCarbonDeadStanding,TreeMap 2016: A tree-level model of the forests of the conterminous United States circa 2016
environment,biodiversity,acres in conservation practices,Acres under conservation easement per operation,consEasementAcresPF,"U.S. Department of Agriculture, National Agricultural Statistics Service. (2024). 2022 Census of Agriculture."
environment,biodiversity,acres in conservation practices,Acres under conservation easements,consEasementAcres,"U.S. Department of Agriculture, National Agricultural Statistics Service. (2024). 2022 Census of Agriculture."
environment,biodiversity,acres in conservation practices,Conservation income per operation,consIncomePF,"U.S. Department of Agriculture, National Agricultural Statistics Service. (2024). 2022 Census of Agriculture."
environment,biodiversity,acres in conservation practices,"Conservation tillage acres, excluding no-till",consTillExclNoTillAcres,"U.S. Department of Agriculture, National Agricultural Statistics Service. (2024). 2022 Census of Agriculture."
environment,biodiversity,acres in conservation practices,"Conservation tillage acres, excluding no-till, per operation",consTillExclNoTillAcresPF,"U.S. Department of Agriculture, National Agricultural Statistics Service. (2024). 2022 Census of Agriculture."
environment,biodiversity,acres in conservation practices,"Conservation tillage, no-till acres",consTillNoTillAcres,"U.S. Department of Agriculture, National Agricultural Statistics Service. (2024). 2022 Census of Agriculture."
environment,biodiversity,acres in conservation practices,"Conservation tillage, no-till acres per operation",consTillNoTillAcresPF,"U.S. Department of Agriculture, National Agricultural Statistics Service. (2024). 2022 Census of Agriculture."
environment,biodiversity,acres in conservation practices,"Conservation tillage, no-till, operations",consTillNoTillNOps,"U.S. Department of Agriculture, National Agricultural Statistics Service. (2024). 2022 Census of Agriculture."
environment,biodiversity,acres in conservation practices,"Cover crop practices, excluding CRP, acres",coverCropExclCrpAcres,"U.S. Department of Agriculture, National Agricultural Statistics Service. (2024). 2022 Census of Agriculture."
environment,biodiversity,acres in conservation practices,"Cover crop practices, excluding CRP, acres per operation",coverCropExclCrpAcresPF,"U.S. Department of Agriculture, National Agricultural Statistics Service. (2024). 2022 Census of Agriculture."
environment,biodiversity,acres in conservation practices,"Cover crop practices, excluding CRP, operations",coverCropExclCrpNOps,"U.S. Department of Agriculture, National Agricultural Statistics Service. (2024). 2022 Census of Agriculture."
environment,biodiversity,acres in conservation practices,Fertilizer expenses as a percentage of operations expenses,fertExpensePercOpExp,"U.S. Department of Agriculture, National Agricultural Statistics Service. (2024). 2022 Census of Agriculture."
environment,biodiversity,acres in conservation practices,Operations practicing alley cropping or silvapasture,alleyCropSilvapastureNOps,"U.S. Department of Agriculture, National Agricultural Statistics Service. (2024). 2022 Census of Agriculture."
environment,biodiversity,acres in conservation practices,Operations using precision agriculture,precisionAgNOps,"U.S. Department of Agriculture, National Agricultural Statistics Service. (2024). 2022 Census of Agriculture."
environment,biodiversity,acres in conservation practices,Operations using renewable energy,renewableNOps,"U.S. Department of Agriculture, National Agricultural Statistics Service. (2024). 2022 Census of Agriculture."
environment,biodiversity,acres in conservation practices,Operations using rotational or intensive grazing,rotateIntenseGrazeNOps,"U.S. Department of Agriculture, National Agricultural Statistics Service. (2024). 2022 Census of Agriculture."
environment,biodiversity,acres in conservation practices,"Operations with conseration tillage, excluding no-till",consTillExclNoTillNOps,"U.S. Department of Agriculture, National Agricultural Statistics Service. (2024). 2022 Census of Agriculture."
environment,biodiversity,acres in conservation practices,Operations with conservation easements,consEasementNOps,"U.S. Department of Agriculture, National Agricultural Statistics Service. (2024). 2022 Census of Agriculture."
environment,biodiversity,acres in conservation practices,Operations with conservation income,consIncomeNOps,"U.S. Department of Agriculture, National Agricultural Statistics Service. (2024). 2022 Census of Agriculture."
environment,biodiversity,acres in conservation practices,Operations with fertilizer expenses,fertExpenseOpsWithExp,"U.S. Department of Agriculture, National Agricultural Statistics Service. (2024). 2022 Census of Agriculture."
environment,biodiversity,acres in conservation practices,Total conservation income,consIncomeTotal,"U.S. Department of Agriculture, National Agricultural Statistics Service. (2024). 2022 Census of Agriculture."
environment,biodiversity,acres in conservation practices,Total fertilizer expenses,fertExpenseTotal,"U.S. Department of Agriculture, National Agricultural Statistics Service. (2024). 2022 Census of Agriculture."
environment,biodiversity,land use diversity,"LULC, proportion, barren land",lulcPropBarrenLand,"U.S. Geological Survey, Multi-Resolution Land Characteristics Consortium (2024). Sioux Falls, SD"
environment,biodiversity,land use diversity,"LULC, proportion, cultivated crops",lulcPropCrops,"U.S. Geological Survey, Multi-Resolution Land Characteristics Consortium (2024). Sioux Falls, SD"
environment,biodiversity,land use diversity,"LULC, proportion, deciduous forest",lulcPropDeciduousForest,"U.S. Geological Survey, Multi-Resolution Land Characteristics Consortium (2024). Sioux Falls, SD"
environment,biodiversity,land use diversity,"LULC, proportion, developed, high intensity",lulcPropDevHigh,"U.S. Geological Survey, Multi-Resolution Land Characteristics Consortium (2024). Sioux Falls, SD"
environment,biodiversity,land use diversity,"LULC, proportion, developed, low intensity",lulcPropDevLow,"U.S. Geological Survey, Multi-Resolution Land Characteristics Consortium (2024). Sioux Falls, SD"
environment,biodiversity,land use diversity,"LULC, proportion, developed, medium intensity",lulcPropDevMedium,"U.S. Geological Survey, Multi-Resolution Land Characteristics Consortium (2024). Sioux Falls, SD"
environment,biodiversity,land use diversity,"LULC, proportion, developed, open space",lulcPropDevOpenSpace,"U.S. Geological Survey, Multi-Resolution Land Characteristics Consortium (2024). Sioux Falls, SD"
environment,biodiversity,land use diversity,"LULC, proportion, emergent herbaceous wetlands",lulcPropHerbWetlands,"U.S. Geological Survey, Multi-Resolution Land Characteristics Consortium (2024). Sioux Falls, SD"
environment,biodiversity,land use diversity,"LULC, proportion, evergreen forest",lulcPropEvergreenForest,"U.S. Geological Survey, Multi-Resolution Land Characteristics Consortium (2024). Sioux Falls, SD"
environment,biodiversity,land use diversity,"LULC, proportion, grassland/herbaceous",lulcPropGrasslandHerb,"U.S. Geological Survey, Multi-Resolution Land Characteristics Consortium (2024). Sioux Falls, SD"
environment,biodiversity,land use diversity,"LULC, proportion, mixed forest",lulcPropMixedForest,"U.S. Geological Survey, Multi-Resolution Land Characteristics Consortium (2024). Sioux Falls, SD"
environment,biodiversity,land use diversity,"LULC, proportion, no data",lulcPropNoData,"U.S. Geological Survey, Multi-Resolution Land Characteristics Consortium (2024). Sioux Falls, SD"
environment,biodiversity,land use diversity,"LULC, proportion, open water",lulcPropOpenWater,"U.S. Geological Survey, Multi-Resolution Land Characteristics Consortium (2024). Sioux Falls, SD"
environment,biodiversity,land use diversity,"LULC, proportion, pasture/hay",lulcPropPastureHay,"U.S. Geological Survey, Multi-Resolution Land Characteristics Consortium (2024). Sioux Falls, SD"
environment,biodiversity,land use diversity,"LULC, proportion, shrub/scrub",lulcPropShrubScrub,"U.S. Geological Survey, Multi-Resolution Land Characteristics Consortium (2024). Sioux Falls, SD"
environment,biodiversity,land use diversity,"LULC, proportion, woody wetlands",lulcPropWoodyWetlands,"U.S. Geological Survey, Multi-Resolution Land Characteristics Consortium (2024). Sioux Falls, SD"
environment,biodiversity,land use diversity,NA,lulcDiversity,"U.S. Geological Survey, Multi-Resolution Land Characteristics Consortium (2024). Sioux Falls, SD"
environment,biodiversity,tree vigor,Dead trees per forested acre,forestDeadTrees,TreeMap 2016: A tree-level model of the forests of the conterminous United States circa 2016
environment,biodiversity,tree vigor,Forest canopy cover,forestCanopyCover,TreeMap 2016: A tree-level model of the forests of the conterminous United States circa 2016
environment,biodiversity,tree vigor,Forest live tree volume per acre,forestLiveTreeVolume,TreeMap 2016: A tree-level model of the forests of the conterminous United States circa 2016
environment,biodiversity,tree vigor,Forest stand height,forestStandHeight,TreeMap 2016: A tree-level model of the forests of the conterminous United States circa 2016
environment,biodiversity,tree vigor,Live trees per forested acre,forestLiveTrees,TreeMap 2016: A tree-level model of the forests of the conterminous United States circa 2016
environment,resource use efficiency,energy efficiency,Operations using geoexchange,geoexchangeNOps,"U.S. Department of Agriculture, National Agricultural Statistics Service. (2024). 2022 Census of Agriculture."
environment,resource use efficiency,energy efficiency,Operations with methane digesters,withMethaneNOps,"U.S. Department of Agriculture, National Agricultural Statistics Service. (2024). 2022 Census of Agriculture."
environment,resource use efficiency,energy efficiency,Operations with solar power,withSolarNOps,"U.S. Department of Agriculture, National Agricultural Statistics Service. (2024). 2022 Census of Agriculture."
environment,resource use efficiency,energy efficiency,Operations with wind power,withWindNOps,"U.S. Department of Agriculture, National Agricultural Statistics Service. (2024). 2022 Census of Agriculture."
environment,resource use efficiency,energy efficiency,Operations with wind turbines rented to others,windRentedToOthersNOps,"U.S. Department of Agriculture, National Agricultural Statistics Service. (2024). 2022 Census of Agriculture."
environment,resource use efficiency,water use / irrigation efficiency,Acre feet of irrigation from reclaimed water,waterIrrReclaimedAcreFt,"U.S. Department of Agriculture, National Agricultural Statistics Service. (2024). 2022 Census of Agriculture."
environment,resource use efficiency,water use / irrigation efficiency,Acres drained by ditches,drainedDitchesAcres,"U.S. Department of Agriculture, National Agricultural Statistics Service. (2024). 2022 Census of Agriculture."
environment,resource use efficiency,water use / irrigation efficiency,Acres drained by ditches per farm,drainedDitchesAcresPF,"U.S. Department of Agriculture, National Agricultural Statistics Service. (2024). 2022 Census of Agriculture."
environment,resource use efficiency,water use / irrigation efficiency,Acres drained by tile,drainedTileAcres,"U.S. Department of Agriculture, National Agricultural Statistics Service. (2024). 2022 Census of Agriculture."
environment,resource use efficiency,water use / irrigation efficiency,Acres drained by tile per operation,drainedTileAcresPF,"U.S. Department of Agriculture, National Agricultural Statistics Service. (2024). 2022 Census of Agriculture."
environment,resource use efficiency,water use / irrigation efficiency,Acres irrigated with reclaimed water in open areas,waterIrrReclaimedOpenAcres,"U.S. Department of Agriculture, National Agricultural Statistics Service. (2024). 2022 Census of Agriculture."
environment,resource use efficiency,water use / irrigation efficiency,Depth of irrigation wells,wellsIrrigationDepthFt,"U.S. Department of Agriculture, National Agricultural Statistics Service. (2024). 2022 Census of Agriculture."
environment,resource use efficiency,water use / irrigation efficiency,Expenses from water for irrigation sourced off-farm per acre,waterIrrSrcOffFarmExpPerAcre,"U.S. Department of Agriculture, National Agricultural Statistics Service. (2024). 2022 Census of Agriculture."
environment,resource use efficiency,water use / irrigation efficiency,Expenses from water for irrigation sourced off-farm per acre foot,waterIrrSrcOffFarmExpPerAcreFt,"U.S. Department of Agriculture, National Agricultural Statistics Service. (2024). 2022 Census of Agriculture."
environment,resource use efficiency,water use / irrigation efficiency,Number of irrigation wells,wellsIrrigationN,"U.S. Department of Agriculture, National Agricultural Statistics Service. (2024). 2022 Census of Agriculture."
environment,resource use efficiency,water use / irrigation efficiency,Operations irrigating with reclaimed water in open areas,waterIrrReclaimedOpenAreaNOps,"U.S. Department of Agriculture, National Agricultural Statistics Service. (2024). 2022 Census of Agriculture."
environment,resource use efficiency,water use / irrigation efficiency,Operations wiih irrigation wells,wellsIrrigationNOps,"U.S. Department of Agriculture, National Agricultural Statistics Service. (2024). 2022 Census of Agriculture."
environment,resource use efficiency,water use / irrigation efficiency,Operations with acres drained by tile,drainedTileNOps,"U.S. Department of Agriculture, National Agricultural Statistics Service. (2024). 2022 Census of Agriculture."
environment,resource use efficiency,water use / irrigation efficiency,Operations with drained acres by tile,drainedDitchesNOps,"U.S. Department of Agriculture, National Agricultural Statistics Service. (2024). 2022 Census of Agriculture."
environment,resource use efficiency,water use / irrigation efficiency,Operations with expenses from water for irrigation sourced off-farm,waterIrrSrcOffFarmNOpsWithExp,"U.S. Department of Agriculture, National Agricultural Statistics Service. (2024). 2022 Census of Agriculture."
environment,resource use efficiency,water use / irrigation efficiency,Total expenses from water for irrigation sourced off-farm,waterIrrSrcOffFarmExp,"U.S. Department of Agriculture, National Agricultural Statistics Service. (2024). 2022 Census of Agriculture."
environment,water quality,quantity / quality of surface and shallow subsurface water,Acidity condition class,lakesAcidCond,"U.S. Environmental Protection Agency, National Aquatic Resource Surveys, 2022"
environment,water quality,quantity / quality of surface and shallow subsurface water,"Bed sediment condition, based on log relative bed stability (LRBS_use)",riversBedsedCond,"U.S. Environmental Protection Agency, National Aquatic Resource Surveys, 2022"
environment,water quality,quantity / quality of surface and shallow subsurface water,"Condition based on ANC, DOC, and sulfate",riversAcidCond,"U.S. Environmental Protection Agency, National Aquatic Resource Surveys, 2022"
environment,water quality,quantity / quality of surface and shallow subsurface water,Condition class based on benthic MMI score,riversBentMmiCond,"U.S. Environmental Protection Agency, National Aquatic Resource Surveys, 2022"
environment,water quality,quantity / quality of surface and shallow subsurface water,Condition class based on total nitrogen,lakesNtlCond,"U.S. Environmental Protection Agency, National Aquatic Resource Surveys, 2022"
environment,water quality,quantity / quality of surface and shallow subsurface water,Condition class based on total phosphorus,lakesPtlCond,"U.S. Environmental Protection Agency, National Aquatic Resource Surveys, 2022"
environment,water quality,quantity / quality of surface and shallow subsurface water,"Condition for Chlorophyll a indicator, based on CHLX",lakesChlaCond,"U.S. Environmental Protection Agency, National Aquatic Resource Surveys, 2022"
environment,water quality,quantity / quality of surface and shallow subsurface water,Cylindrospermopsin condition based on EPA benchmark,lakesCylsperEpaCond,"U.S. Environmental Protection Agency, National Aquatic Resource Surveys, 2022"
environment,water quality,quantity / quality of surface and shallow subsurface water,Enterococci condition category,lakesEnt1XStvCond,"U.S. Environmental Protection Agency, National Aquatic Resource Surveys, 2022"
environment,water quality,quantity / quality of surface and shallow subsurface water,"Fish assemblage condition, based on regional Fish MMI.",riversFishMmiCond,"U.S. Environmental Protection Agency, National Aquatic Resource Surveys, 2022"
environment,water quality,quantity / quality of surface and shallow subsurface water,"Instream cover condition, based in log natural fish cover (L_XFC_NAT)",riversInstrmcvrCond,"U.S. Environmental Protection Agency, National Aquatic Resource Surveys, 2022"
environment,water quality,quantity / quality of surface and shallow subsurface water,Lake habitat complexity condition class,lakesLitripcvrCond,"U.S. Environmental Protection Agency, National Aquatic Resource Surveys, 2022"
environment,water quality,quantity / quality of surface and shallow subsurface water,Microcystin condition based on EPA benchmark,lakesMicxEpaCond,"U.S. Environmental Protection Agency, National Aquatic Resource Surveys, 2022"
environment,water quality,quantity / quality of surface and shallow subsurface water,Riparian vegetation condition class,lakesRvegCond,"U.S. Environmental Protection Agency, National Aquatic Resource Surveys, 2022"
environment,water quality,quantity / quality of surface and shallow subsurface water,"Riparian vegetation condition, based on L_XCMGW",riversRipvegCond,"U.S. Environmental Protection Agency, National Aquatic Resource Surveys, 2022"
environment,water quality,quantity / quality of surface and shallow subsurface water,Shallow water habitat condition class,lakesLitcvrCond,"U.S. Environmental Protection Agency, National Aquatic Resource Surveys, 2022"
environment,water quality,quantity / quality of surface and shallow subsurface water,Site condition class based on conductivity,riversSalCond,"U.S. Environmental Protection Agency, National Aquatic Resource Surveys, 2022"
environment,water quality,quantity / quality of surface and shallow subsurface water,Site condition class based on total nitrogen concentration,riversNtlCond,"U.S. Environmental Protection Agency, National Aquatic Resource Surveys, 2022"
environment,water quality,quantity / quality of surface and shallow subsurface water,Site condition class based on total phosphorus concentration,riversPtlCond,"U.S. Environmental Protection Agency, National Aquatic Resource Surveys, 2022"
environment,water stability,days / events of extremes,Number of FSA Agriculture Secretary disaster declarations,nFsaSecDisasters,"U.S. Department of Agriculture, Farm Service Agency Disaster Assistance"
environment,water stability,days / events of extremes,Number of FSA presidential disaster declarations,nFsaPresDisasters,"U.S. Department of Agriculture, Farm Service Agency Disaster Assistance"
health,education,educational attainment,Percentage with bachelor's degree,edPercBS,"U.S. Census Bureau, American Community Survey: 5-Year Estimates: Detailed Tables, 2022"
health,education,educational attainment,"Percentage with high school diploma, GED, or equivalent",edPercHSGED,"U.S. Census Bureau, American Community Survey: 5-Year Estimates: Detailed Tables, 2022"
health,education,tbd,High school completion,highSchoolCompletion,"University of Wisconsin Population Health Institute, County Health Rankings and Roadmaps. (2024)"
health,education,tbd,High school graduation,highSchoolGraduation,"University of Wisconsin Population Health Institute, County Health Rankings and Roadmaps. (2024)"
health,education,tbd,Math scores,mathScores,"University of Wisconsin Population Health Institute, County Health Rankings and Roadmaps. (2024)"
health,education,tbd,Reading scores,readingScores,"University of Wisconsin Population Health Institute, County Health Rankings and Roadmaps. (2024)"
health,education,tbd,School funding adequacy,schoolFundingAdequacy,"University of Wisconsin Population Health Institute, County Health Rankings and Roadmaps. (2024)"
health,education,tbd,Some college,someCollege,"University of Wisconsin Population Health Institute, County Health Rankings and Roadmaps. (2024)"
health,food security,food affordability,"Food insecurity rate, child",foodInsecChild,"Feeding America, Map the Meal Gap"
health,food security,food affordability,"Food insecurity rate, overall",foodInsecOverall,"Feeding America, Map the Meal Gap"
health,food security,food affordability,Grocery stores,nGroc,"U.S. Department of Agriculture, Economic Research Service, Food Environment Atlas, Food Environment Atlas"
health,food security,food affordability,"Grocery stores/1,000 pop",nGrocPTH,"U.S. Department of Agriculture, Economic Research Service, Food Environment Atlas, Food Environment Atlas"
health,food security,food affordability,"SNAP participation rates, all eligible people",snapPercPart,"U.S. Department of Agriculture, Food and Nutrition Service, Supplemental Nutrition Assistance Program (SNAP)"
health,food security,food affordability,"SNAP-authorized stores/1,000 pop",nSnapGrocPTH,"U.S. Department of Agriculture, Economic Research Service, Food Environment Atlas, Food Environment Atlas"
health,food security,food affordability,"Specialized food stores/1,000 pop",nSpecGrocPTH,"U.S. Department of Agriculture, Economic Research Service, Food Environment Atlas, Food Environment Atlas"
health,food security,food affordability,WIC coverage rate,wicPercPart,"U.S. Department of Agriculture, Food and Nutrition Service"
health,food security,food affordability,WIC eligibility rate,wicPercEligible,"U.S. Department of Agriculture, Food and Nutrition Service"
health,food security,food affordability,"WIC-authorized stores/1,000 pop",nWicsGrocPTH,"U.S. Department of Agriculture, Economic Research Service, Food Environment Atlas, Food Environment Atlas"
health,food security,tbd,Food insecurity,foodInsecurity,"University of Wisconsin Population Health Institute, County Health Rankings and Roadmaps. (2024)"
health,health infrastructure,tbd,Access to exercise opportunities,accessToExerciseOpportunities,"University of Wisconsin Population Health Institute, County Health Rankings and Roadmaps. (2024)"
health,health infrastructure,tbd,Child care centers,childCareCenters,"University of Wisconsin Population Health Institute, County Health Rankings and Roadmaps. (2024)"
health,health infrastructure,tbd,Child care cost burden,childCareCostBurden,"University of Wisconsin Population Health Institute, County Health Rankings and Roadmaps. (2024)"
health,health infrastructure,tbd,Dentists,dentists,"University of Wisconsin Population Health Institute, County Health Rankings and Roadmaps. (2024)"
health,health infrastructure,tbd,Drinking water violations,drinkingWaterViolations,"University of Wisconsin Population Health Institute, County Health Rankings and Roadmaps. (2024)"
health,health infrastructure,tbd,Food environment index,foodEnvironmentIndex,"University of Wisconsin Population Health Institute, County Health Rankings and Roadmaps. (2024)"
health,health infrastructure,tbd,Limited access to healthy foods,limitedAccessToHealthyFoods,"University of Wisconsin Population Health Institute, County Health Rankings and Roadmaps. (2024)"
health,health infrastructure,tbd,Mammography screening,mammographyScreening,"University of Wisconsin Population Health Institute, County Health Rankings and Roadmaps. (2024)"
health,health infrastructure,tbd,Mental health providers,mentalHealthProviders,"University of Wisconsin Population Health Institute, County Health Rankings and Roadmaps. (2024)"
health,health infrastructure,tbd,Other primary care providers,otherPrimaryCareProviders,"University of Wisconsin Population Health Institute, County Health Rankings and Roadmaps. (2024)"
health,health infrastructure,tbd,Primary care physicians,primaryCarePhysicians,"University of Wisconsin Population Health Institute, County Health Rankings and Roadmaps. (2024)"
health,health infrastructure,tbd,Uninsured,uninsured,"University of Wisconsin Population Health Institute, County Health Rankings and Roadmaps. (2024)"
health,health infrastructure,tbd,Uninsured adults,uninsuredAdults,"University of Wisconsin Population Health Institute, County Health Rankings and Roadmaps. (2024)"
health,health infrastructure,tbd,Uninsured children,uninsuredChildren,"University of Wisconsin Population Health Institute, County Health Rankings and Roadmaps. (2024)"
health,housing,tbd,Homeownership,homeownership,"University of Wisconsin Population Health Institute, County Health Rankings and Roadmaps. (2024)"
health,housing,tbd,Severe housing cost burden,severeHousingCostBurden,"University of Wisconsin Population Health Institute, County Health Rankings and Roadmaps. (2024)"
health,housing,tbd,Severe housing problems,severeHousingProblems,"University of Wisconsin Population Health Institute, County Health Rankings and Roadmaps. (2024)"
health,mental health,tbd,Frequent mental distress,frequentMentalDistress,"University of Wisconsin Population Health Institute, County Health Rankings and Roadmaps. (2024)"
health,mental health,tbd,Poor mental health days,poorMentalHealthDays,"University of Wisconsin Population Health Institute, County Health Rankings and Roadmaps. (2024)"
health,mental health,tbd,Suicides,suicides,"University of Wisconsin Population Health Institute, County Health Rankings and Roadmaps. (2024)"
health,physical health,county health rankings,Health Factor Group,healthFactorGroup,"University of Wisconsin Population Health Institute, County Health Rankings and Roadmaps. (2024)"
health,physical health,county health rankings,Health Factor Z-Score,healthFactorZ,"University of Wisconsin Population Health Institute, County Health Rankings and Roadmaps. (2024)"
health,physical health,county health rankings,Health Outcome Group,healthOutcomeGroup,"University of Wisconsin Population Health Institute, County Health Rankings and Roadmaps. (2024)"
health,physical health,county health rankings,Health Outcome Z-Score,healthOutcomeZ,"University of Wisconsin Population Health Institute, County Health Rankings and Roadmaps. (2024)"
health,physical health,housing supply and quality,Median housing age,medianHousingYear,"U.S. Census Bureau, American Community Survey: 5-Year Estimates: Detailed Tables, 2022"
health,physical health,housing supply and quality,Median rent,rentMedian,"U.S. Census Bureau, American Community Survey: 5-Year Estimates: Detailed Tables, 2022"
health,physical health,housing supply and quality,Median rent as a percentage of income,rentMedianPercHH,"U.S. Census Bureau, American Community Survey: 5-Year Estimates: Detailed Tables, 2022"
health,physical health,housing supply and quality,"Median rent, 1br",rentMedian1BR,"U.S. Census Bureau, American Community Survey: 5-Year Estimates: Detailed Tables, 2022"
health,physical health,housing supply and quality,"Median rent, 4br",rentMedian4BR,"U.S. Census Bureau, American Community Survey: 5-Year Estimates: Detailed Tables, 2022"
health,physical health,housing supply and quality,Number of occupied housing units,nHousingOccupied,"U.S. Census Bureau, American Community Survey: 5-Year Estimates: Detailed Tables, 2022"
health,physical health,housing supply and quality,Number of total housing units,nHousingUnits,"U.S. Census Bureau, American Community Survey: 5-Year Estimates: Detailed Tables, 2022"
health,physical health,housing supply and quality,Number of vacant housing units,nHousingVacant,"U.S. Census Bureau, American Community Survey: 5-Year Estimates: Detailed Tables, 2022"
health,physical health,housing supply and quality,Rental vacancy rate,vacancyRate,"U.S. Census Bureau, American Community Survey: 5-Year Estimates: Detailed Tables, 2022"
health,physical health,tbd,Adult obesity,adultObesity,"University of Wisconsin Population Health Institute, County Health Rankings and Roadmaps. (2024)"
health,physical health,tbd,Adult smoking,adultSmoking,"University of Wisconsin Population Health Institute, County Health Rankings and Roadmaps. (2024)"
health,physical health,tbd,Air pollution - particulate matter,airPollutionParticulateMatter,"University of Wisconsin Population Health Institute, County Health Rankings and Roadmaps. (2024)"
health,physical health,tbd,Child mortality,childMortality,"University of Wisconsin Population Health Institute, County Health Rankings and Roadmaps. (2024)"
health,physical health,tbd,Diabetes prevalence,diabetesPrevalence,"University of Wisconsin Population Health Institute, County Health Rankings and Roadmaps. (2024)"
health,physical health,tbd,Drug overdose deaths,drugOverdoseDeaths,"University of Wisconsin Population Health Institute, County Health Rankings and Roadmaps. (2024)"
health,physical health,tbd,Excessive drinking,excessiveDrinking,"University of Wisconsin Population Health Institute, County Health Rankings and Roadmaps. (2024)"
health,physical health,tbd,Firearm fatalities,firearmFatalities,"University of Wisconsin Population Health Institute, County Health Rankings and Roadmaps. (2024)"
health,physical health,tbd,Flu vaccinations,fluVaccinations,"University of Wisconsin Population Health Institute, County Health Rankings and Roadmaps. (2024)"
health,physical health,tbd,Frequent physical distress,frequentPhysicalDistress,"University of Wisconsin Population Health Institute, County Health Rankings and Roadmaps. (2024)"
health,physical health,tbd,Hiv prevalence,hivPrevalence,"University of Wisconsin Population Health Institute, County Health Rankings and Roadmaps. (2024)"
health,physical health,tbd,Homicides,homicides,"University of Wisconsin Population Health Institute, County Health Rankings and Roadmaps. (2024)"
health,physical health,tbd,Infant mortality,infantMortality,"University of Wisconsin Population Health Institute, County Health Rankings and Roadmaps. (2024)"
health,physical health,tbd,Injury deaths,injuryDeaths,"University of Wisconsin Population Health Institute, County Health Rankings and Roadmaps. (2024)"
health,physical health,tbd,Insufficient sleep,insufficientSleep,"University of Wisconsin Population Health Institute, County Health Rankings and Roadmaps. (2024)"
health,physical health,tbd,Life expectancy,lifeExpectancy,"University of Wisconsin Population Health Institute, County Health Rankings and Roadmaps. (2024)"
health,physical health,tbd,Low birthweight,lowBirthweight,"University of Wisconsin Population Health Institute, County Health Rankings and Roadmaps. (2024)"
health,physical health,tbd,Motor vehicle crash deaths,motorVehicleCrashDeaths,"University of Wisconsin Population Health Institute, County Health Rankings and Roadmaps. (2024)"
health,physical health,tbd,Physical inactivity,physicalInactivity,"University of Wisconsin Population Health Institute, County Health Rankings and Roadmaps. (2024)"
health,physical health,tbd,Poor or fair health,poorOrFairHealth,"University of Wisconsin Population Health Institute, County Health Rankings and Roadmaps. (2024)"
health,physical health,tbd,Poor physical health days,poorPhysicalHealthDays,"University of Wisconsin Population Health Institute, County Health Rankings and Roadmaps. (2024)"
health,physical health,tbd,Premature age-adjusted mortality,prematureAgeAdjustedMortality,"University of Wisconsin Population Health Institute, County Health Rankings and Roadmaps. (2024)"
health,physical health,tbd,Premature death,prematureDeath,"University of Wisconsin Population Health Institute, County Health Rankings and Roadmaps. (2024)"
health,physical health,tbd,Preventable hospital stays,preventableHospitalStays,"University of Wisconsin Population Health Institute, County Health Rankings and Roadmaps. (2024)"
health,physical health,tbd,Sexually transmitted infections,sexuallyTransmittedInfections,"University of Wisconsin Population Health Institute, County Health Rankings and Roadmaps. (2024)"
health,physical health,tbd,Teen births,teenBirths,"University of Wisconsin Population Health Institute, County Health Rankings and Roadmaps. (2024)"
production,imports vs exports,total quantity exported,Value of beef and veal exports,exportsBeefAndVeal,"US Department of Agriculture, Economic Research Service, State Agricultural Trade Data, State Exports"
production,imports vs exports,total quantity exported,Value of broiler meat exports,exportsBroilerMeat,"US Department of Agriculture, Economic Research Service, State Agricultural Trade Data, State Exports"
production,imports vs exports,total quantity exported,Value of corn exports,exportsCorn,"US Department of Agriculture, Economic Research Service, State Agricultural Trade Data, State Exports"
production,imports vs exports,total quantity exported,Value of cotton exports,exportsCotton,"US Department of Agriculture, Economic Research Service, State Agricultural Trade Data, State Exports"
production,imports vs exports,total quantity exported,Value of dairy products exports,exportsDairyProducts,"US Department of Agriculture, Economic Research Service, State Agricultural Trade Data, State Exports"
production,imports vs exports,total quantity exported,Value of feeds and other feed grains exports,exportsFeedsAndOtherFeedGrains,"US Department of Agriculture, Economic Research Service, State Agricultural Trade Data, State Exports"
production,imports vs exports,total quantity exported,Value of fruits fresh exports,exportsFruitsFresh,"US Department of Agriculture, Economic Research Service, State Agricultural Trade Data, State Exports"
production,imports vs exports,total quantity exported,Value of fruits processed exports,exportsFruitsProcessed,"US Department of Agriculture, Economic Research Service, State Agricultural Trade Data, State Exports"
production,imports vs exports,total quantity exported,Value of grain products exports,exportsGrainProducts,"US Department of Agriculture, Economic Research Service, State Agricultural Trade Data, State Exports"
production,imports vs exports,total quantity exported,Value of hides and skins exports,exportsHidesAndSkins,"US Department of Agriculture, Economic Research Service, State Agricultural Trade Data, State Exports"
production,imports vs exports,total quantity exported,Value of other livestock products exports,exportsOtherLivestockProducts,"US Department of Agriculture, Economic Research Service, State Agricultural Trade Data, State Exports"
production,imports vs exports,total quantity exported,Value of other oilseeds and products exports,exportsOtherOilseedsAndProducts,"US Department of Agriculture, Economic Research Service, State Agricultural Trade Data, State Exports"
production,imports vs exports,total quantity exported,Value of other plant products exports,exportsOtherPlantProducts,"US Department of Agriculture, Economic Research Service, State Agricultural Trade Data, State Exports"
production,imports vs exports,total quantity exported,Value of other poultry products exports,exportsOtherPoultryProducts,"US Department of Agriculture, Economic Research Service, State Agricultural Trade Data, State Exports"
production,imports vs exports,total quantity exported,Value of pork exports,exportsPork,"US Department of Agriculture, Economic Research Service, State Agricultural Trade Data, State Exports"
production,imports vs exports,total quantity exported,Value of rice exports,exportsRice,"US Department of Agriculture, Economic Research Service, State Agricultural Trade Data, State Exports"
production,imports vs exports,total quantity exported,Value of soybean meal exports,exportsSoybeanMeal,"US Department of Agriculture, Economic Research Service, State Agricultural Trade Data, State Exports"
production,imports vs exports,total quantity exported,Value of soybeans exports,exportsSoybeans,"US Department of Agriculture, Economic Research Service, State Agricultural Trade Data, State Exports"
production,imports vs exports,total quantity exported,Value of tobacco exports,exportsTobacco,"US Department of Agriculture, Economic Research Service, State Agricultural Trade Data, State Exports"
production,imports vs exports,total quantity exported,Value of total agricultural exports,exportsTotalAgricultural,"US Department of Agriculture, Economic Research Service, State Agricultural Trade Data, State Exports"
production,imports vs exports,total quantity exported,Value of total animal products exports,exportsTotalAnimalProducts,"US Department of Agriculture, Economic Research Service, State Agricultural Trade Data, State Exports"
production,imports vs exports,total quantity exported,Value of total plant products exports,exportsTotalPlantProducts,"US Department of Agriculture, Economic Research Service, State Agricultural Trade Data, State Exports"
production,imports vs exports,total quantity exported,Value of tree nuts exports,exportsTreeNuts,"US Department of Agriculture, Economic Research Service, State Agricultural Trade Data, State Exports"
production,imports vs exports,total quantity exported,Value of vegetable oils exports,exportsVegetableOils,"US Department of Agriculture, Economic Research Service, State Agricultural Trade Data, State Exports"
production,imports vs exports,total quantity exported,Value of vegetables fresh exports,exportsVegetablesFresh,"US Department of Agriculture, Economic Research Service, State Agricultural Trade Data, State Exports"
production,imports vs exports,total quantity exported,Value of vegetables processed exports,exportsVegetablesProcessed,"US Department of Agriculture, Economic Research Service, State Agricultural Trade Data, State Exports"
production,imports vs exports,total quantity exported,Value of wheat exports,exportsWheat,"US Department of Agriculture, Economic Research Service, State Agricultural Trade Data, State Exports"
production,imports vs exports,total quantity imported,value of top five imports,importsTopFive,"US Department of Agriculture, Economic Research Service, State Agricultural Trade Data, State Trade by Country of Origin and Destination"
production,production diversity,crop diversity,Crop diversity,cropDiversity,"U.S. Department of Agriculture, National Agricultural Statistics Service, Cropland Data Layer"
production,production margins,production inputs,Chemical expenses,expChemical,"U.S. Department of Agriculture, National Agricultural Statistics Service. (2024). 2022 Census of Agriculture."
production,production margins,production inputs,Mean chemical expenses per operation,expChemPF,"U.S. Department of Agriculture, National Agricultural Statistics Service. (2024). 2022 Census of Agriculture."
production,production margins,production inputs,Number of operations with chemical expenses,nOpsChemical,"U.S. Department of Agriculture, National Agricultural Statistics Service. (2024). 2022 Census of Agriculture."
production,production margins,total quantity food products,Total animal and crop sales,salesAnimalCrop,"U.S. Department of Agriculture, National Agricultural Statistics Service. (2024). 2022 Census of Agriculture."
production,production margins,total quantity food products,Total animal sales,salesAnimal,"U.S. Department of Agriculture, National Agricultural Statistics Service. (2024). 2022 Census of Agriculture."
production,production margins,total quantity food products,Total crop sales,salesCrop,"U.S. Department of Agriculture, National Agricultural Statistics Service. (2024). 2022 Census of Agriculture."
production,production margins,total quantity forest products,Total forest product income,incForestProducts,"U.S. Department of Agriculture, National Agricultural Statistics Service. (2024). 2022 Census of Agriculture."
production,production margins,value added market,"Farms, number of farms with value-added sales",nValueAddedFarms,"U.S. Department of Agriculture, National Agricultural Statistical Survey, Census of Agriculture"
production,production margins,value added market,"Farms, percent of all farms with value-added sales",valueAddedFarmsPerc,"U.S. Department of Agriculture, National Agricultural Statistical Survey, Census of Agriculture"
production,production margins,value added market,"Farms, value-added sales",valueAddedSales,"U.S. Department of Agriculture, National Agricultural Statistical Survey, Census of Agriculture"
production,production margins,value added market,"Farms, value-added sales as a percent of all farm sales",valueAddedSalesPerc,"U.S. Department of Agriculture, National Agricultural Statistical Survey, Census of Agriculture"
social,community embeddedness,social connectedness,Children in single-parent households,childrenInSingleParentHouseholds,"University of Wisconsin Population Health Institute, County Health Rankings and Roadmaps. (2024)"
social,community embeddedness,social connectedness,Disconnected youth,disconnectedYouth,"University of Wisconsin Population Health Institute, County Health Rankings and Roadmaps. (2024)"
social,community embeddedness,social connectedness,Social associations,socialAssociations,"University of Wisconsin Population Health Institute, County Health Rankings and Roadmaps. (2024)"
social,community embeddedness,tbd,Driving alone to work,drivingAloneToWork,"University of Wisconsin Population Health Institute, County Health Rankings and Roadmaps. (2024)"
social,community livability,community safety,Alcohol-impaired driving deaths,alcoholImpairedDrivingDeaths,"University of Wisconsin Population Health Institute, County Health Rankings and Roadmaps. (2024)"
social,community livability,community safety,Juvenile arrests,juvenileArrests,"University of Wisconsin Population Health Institute, County Health Rankings and Roadmaps. (2024)"
social,community livability,diverse representation,Residential segregation - black/white,residentialSegregationBlackWhite,"University of Wisconsin Population Health Institute, County Health Rankings and Roadmaps. (2024)"
social,community livability,diverse representation,School segregation,schoolSegregation,"University of Wisconsin Population Health Institute, County Health Rankings and Roadmaps. (2024)"
social,community livability,tbd,Long commute - driving alone,longCommuteDrivingAlone,"University of Wisconsin Population Health Institute, County Health Rankings and Roadmaps. (2024)"
social,community livability,tbd,Traffic volume,trafficVolume,"University of Wisconsin Population Health Institute, County Health Rankings and Roadmaps. (2024)"
social,food and farmworker diversity,age diversity,Ratio of female to male producers,ftmProdRatio,"U.S. Department of Agriculture, National Agricultural Statistics Service. (2024). 2022 Census of Agriculture."
social,food and farmworker diversity,gender diversity,Mean producer age,ageProducers,"U.S. Department of Agriculture, National Agricultural Statistics Service. (2024). 2022 Census of Agriculture."
social,food and farmworker diversity,gender diversity,Number of female producers,nFemProducers,"U.S. Department of Agriculture, National Agricultural Statistics Service. (2024). 2022 Census of Agriculture."
social,food and farmworker diversity,gender diversity,Number of male producers,nMaleProducers,"U.S. Department of Agriculture, National Agricultural Statistics Service. (2024). 2022 Census of Agriculture."
social,food and farmworker diversity,racial diversity,Number of American Indian producers,nAmInProducers,"U.S. Department of Agriculture, National Agricultural Statistics Service. (2024). 2022 Census of Agriculture."
social,food and farmworker diversity,racial diversity,Number of Asian producers,nAsianProducers,"U.S. Department of Agriculture, National Agricultural Statistics Service. (2024). 2022 Census of Agriculture."
social,food and farmworker diversity,racial diversity,Number of Black producers,nBlackProducers,"U.S. Department of Agriculture, National Agricultural Statistics Service. (2024). 2022 Census of Agriculture."
social,food and farmworker diversity,racial diversity,Number of Hispanic producers,nHispProducers,"U.S. Department of Agriculture, National Agricultural Statistics Service. (2024). 2022 Census of Agriculture."
social,food and farmworker diversity,racial diversity,Number of Native Hawaiian or Pacific Islander producers,nNaHaProducers,"U.S. Department of Agriculture, National Agricultural Statistics Service. (2024). 2022 Census of Agriculture."
social,food and farmworker diversity,racial diversity,Number of White producers,nWhiteProducers,"U.S. Department of Agriculture, National Agricultural Statistics Service. (2024). 2022 Census of Agriculture."
social,food and farmworker diversity,racial diversity,Total number of producers,nProducer,"U.S. Department of Agriculture, National Agricultural Statistics Service. (2024). 2022 Census of Agriculture."
social,food system governance,participatory governance,Census participation,censusParticipation,"University of Wisconsin Population Health Institute, County Health Rankings and Roadmaps. (2024)"
social,food system governance,participatory governance,Voter turnout,voterTurnout,"University of Wisconsin Population Health Institute, County Health Rankings and Roadmaps. (2024)"
