dimension,index,indicator,source_desc,statisticcat_desc,short_desc,commodity_desc,note,metric,variable_name,definition,axis_name,units
economics,food business resilience,operations diversification,CENSUS,,"INCOME, FARM-RELATED, AG TOURISM & RECREATIONAL SERVICES - OPERATIONS WITH RECEIPTS","INCOME, FARM-RELATED",new,Operations with agritourism and recreation sales,nOpsAgTourismRecreation,,,count
economics,food business resilience,operations diversification,CENSUS,,derived,"INCOME, FARM-RELATED",new,Income from agritourism and recreation as proportion of total income,incomeAgTourismRecPropTotal,Farm-related income from ag tourism and recreation divided by total farm-related income,,usd
economics,food business resilience,operations diversification,CENSUS,,"COMMODITY TOTALS, INCL VALUE-ADDED, RETAIL, DIRECTLY MARKETED, HUMAN CONSUMPTION - OPERATIONS WITH SALES",COMMODITY TOTALS,new,"Operations with value-added, retail, direct marketing commodity sales",nOpsValueAddedDirect,,,count
economics,food business resilience,operations diversification,CENSUS,,"COMMODITY TOTALS, INCL VALUE-ADDED, RETAIL, DIRECTLY MARKETED, HUMAN CONSUMPTION - SALES, MEASURED IN $",COMMODITY TOTALS,new,"Total sales of value-added, retail, direct marketing commodities",totalSalesValueAddedDirect,,,usd
economics,food business resilience,operations diversification,CENSUS,,derived,COMMODITY TOTALS,new,"Sales from value-added, retail, direct marking commodities as a proportion of total sales",salesValueAddedDirectPropTotal,,,usd
economics,food business resilience,operations diversification,CENSUS,,"COMMODITY TOTALS, INCL VALUE-ADDED, WHOLESALE, DIRECT TO RETAILERS & INSTITUTIONS & FOOD HUBS, LOCAL OR REGIONALLY BRANDED PRODUCTS, HUMAN CONSUMPTION - OPERATIONS WITH SALES",COMMODITY TOTALS,new,"Operations with value-added, wholesale commodity sales",nOpsValueAddedWholesale,,,count
economics,food business resilience,operations diversification,CENSUS,,"COMMODITY TOTALS, INCL VALUE-ADDED, WHOLESALE, DIRECT TO RETAILERS & INSTITUTIONS & FOOD HUBS, LOCAL OR REGIONALLY BRANDED PRODUCTS, HUMAN CONSUMPTION - SALES, MEASURED IN $",COMMODITY TOTALS,new,"Total sales of value-added, wholesale commodities",totalSalesValueAddedWholesale,,,usd
economics,food business resilience,operations diversification,CENSUS,,derived,COMMODITY TOTALS,new,Sales from value-added wholesale as a proportion of total sales,salesValueAddedWholesalePropTotal,,,usd
util_dimension,util_index,util_indicator,CENSUS,,FARM OPERATIONS - NUMBER OF OPERATIONS,FARM OPERATIONS,new,Number of operations,nOperations,,,count
production,production index tbd,"production inputs (fertilizers, pesticides)",CENSUS,,derived,FERTILIZER TOTALS,new,Fertilizer expenses as a percentage of operation expenses,fertExpensePropTotalExpense,,,usd
environment,"carbon, ghg, nutrients",embodied carbon,CENSUS,,"FUELS, INCL LUBRICANTS - OPERATIONS WITH EXPENSE",FUELS,new,Operations with fuel expenses,nOpsFuelExpenses,,,count
environment,"carbon, ghg, nutrients",embodied carbon,CENSUS,,"FUELS, INCL LUBRICANTS - EXPENSE, MEASURED IN $",FUELS,new,Total fuel expenses,totalFuelExpenses,,,usd
environment,"carbon, ghg, nutrients",embodied carbon,CENSUS,,derived,FUELS,new,Fuel expenses as a proportion of total expenses,fuelExpensePropTotalExpense,,,usd
economics,food business resilience,use of ag/farm/crop insurance,CENSUS,,"INCOME, FARM-RELATED, CROP & ANIMAL INSURANCE PAYMENTS - OPERATIONS WITH RECEIPTS","INCOME, FARM-RELATED",new,Operations with income from crop and animal insurance payments,nOpsCropAnimalInsuranceIncome,,,count
economics,food business resilience,use of ag/farm/crop insurance,CENSUS,,"INCOME, FARM-RELATED, CROP & ANIMAL INSURANCE PAYMENTS - RECEIPTS, MEASURED IN $","INCOME, FARM-RELATED",new,Total crop and animal insurance payments,totalIncomeCropAnimalInsurance,,,usd
economics,food business resilience,use of ag/farm/crop insurance,CENSUS,,derived,"INCOME, FARM-RELATED",new,Income from crop and animal insurance as a proportion of total income,incomeCropAnimalInsurancePropTotal,,,usd
util_dimension,util_index,util_indicator,CENSUS,,"AG LAND, CROPLAND - ACRES",AG LAND,new,Acres of cropland,croplandAcres,,,acres
util_dimension,util_index,util_indicator,CENSUS,,PRODUCERS - NUMBER OF PRODUCERS,PRODUCERS,new,Number of producers,nProducers,,,count
economics,food business resilience,operations diversification,CENSUS,,"INCOME, FARM-RELATED - RECEIPTS, MEASURED IN $","INCOME, FARM-RELATED",new,Total farm-related income,totalFarmIncome,,,usd
economics,food business resilience,operations diversification,CENSUS,,"COMMODITY TOTALS - SALES, MEASURED IN $",COMMODITY TOTALS,new,Total sales from commodities,totalSalesCommodities,,,usd
production,production index tbd,"production inputs (fertilizers, pesticides)",CENSUS,,"EXPENSE TOTALS, OPERATING - EXPENSE, MEASURED IN $",EXPENSE TOTALS,new,Total operating expenses,totalOperatingExpenses,,,usd
production,production index tbd,"production inputs (fertilizers, pesticides)",CENSUS,,"FERTILIZER TOTALS, INCL LIME & SOIL CONDITIONERS - OPERATIONS WITH EXPENSE",FERTILIZER TOTALS,new,Operations with fertilizer expenses,nOpsFertilizerExpenses,,,count
production,production index tbd,"production inputs (fertilizers, pesticides)",CENSUS,,"FERTILIZER TOTALS, INCL LIME & SOIL CONDITIONERS - EXPENSE, MEASURED IN $",FERTILIZER TOTALS,new,"Total expenses on fertilizers, including lime and soil conditioners",expensesFertilizerLimeSoilCond,,,usd
economics,food business resilience,operations diversification,CENSUS,,"INCOME, FARM-RELATED, AG TOURISM & RECREATIONAL SERVICES - RECEIPTS, MEASURED IN $","INCOME, FARM-RELATED",,Total income from agritourism and recreation,totalIncomeAgTourismRecreation,,,usd
economics,food business resilience,income stability,CENSUS,,"LABOR, HIRED - EXPENSE, MEASURED IN $",LABOR,,Labor expenses,expHiredLabor,Total expenses from hired labor,Labor expenses ($),usd
economics,food business resilience,income stability,CENSUS,,"LABOR, HIRED - EXPENSE, MEASURED IN PCT OF OPERATING EXPENSES",LABOR,,Labor expenses as percentage of operating expenses,expHiredLaborPercOpExp,Hired labor expenses as a percentage of total operating expenses,Labor expense (% of total),percentage
economics,food business resilience,income stability,CENSUS,,"LABOR, HIRED - NUMBER OF WORKERS",LABOR,,Number of hired workers,nHiredWorkers,Number of hired workers,Hired Workers (#),count
economics,food business resilience,income stability,CENSUS,,"LABOR, MIGRANT - NUMBER OF WORKERS",LABOR,,Number of migrant workers,nMigrantWorkers,Number of migrant workers,Migrant workers (#),count
economics,food business resilience,income stability,CENSUS,,"LABOR, HIRED - OPERATIONS WITH WORKERS",LABOR,,Number of operations with hired labor,nOpsHiredLabor,Number of operations with any hired labor,Farms with labor (#),count
economics,food business resilience,income stability,CENSUS,,"LABOR, HIRED - OPERATIONS WITH EXPENSE",LABOR,,Number of operations with labor expenses,nOpsHiredLaborExp,Number of operations with any labor expenses,Farms with labor expenses (#),count
economics,food business resilience,income stability,CENSUS,,"LABOR, MIGRANT - OPERATIONS WITH WORKERS",LABOR,,Number of operations with migrant labor,nOpsMigrantWorkers,Number of operations with any migrant labor,Farms with migrant labor (#),count
economics,food business resilience,income stability,CENSUS,,"LABOR, UNPAID - OPERATIONS WITH WORKERS",LABOR,,Number of operations with unpaid labor,nOpsUnpaidWorkers,Number of operations with any unpaid labor,Farms with unpaid labor (#),count
economics,food business resilience,income stability,CENSUS,,"LABOR, HIRED, GE 150 DAYS - OPERATIONS WITH WORKERS",LABOR,,Number of operations with long-term labor,nOpsWorkersGE150,"Number of operations with any long-term labor, greater than or equal to 150 days",Farms with long-term labor (#),count
economics,food business resilience,income stability,CENSUS,,"LABOR, HIRED, LT 150 DAYS - OPERATIONS WITH WORKERS",LABOR,,Number of operations with short-term labor,nOpsWorkersLE150,"Number of operations with any short-term labor, less than or equal to 150 days",Farms with short-term labor (#),count
economics,food business resilience,income stability,CENSUS,,"LABOR, UNPAID - NUMBER OF WORKERS",LABOR,,Number of unpaid workers,nUnpaidWorkers,Number of unpaid workers,Unpaid workers (#),count
economics,food business resilience,income stability,CENSUS,,"LABOR, HIRED, GE 150 DAYS - NUMBER OF WORKERS",LABOR,,Number of long-term workers,nWorkersGE150,"Number of long-term workers, greater than or equal to 150 days",Long-term workers (#),count
economics,food business resilience,income stability,CENSUS,,"LABOR, HIRED, LT 150 DAYS - NUMBER OF WORKERS",LABOR,,Number of short-term workers,nWorkersLE150,"Number of short-term workers, less than equal to 150 days",Short-term workers (#),count
economics,food business resilience,income stability,CENSUS,,"EXPENSE TOTALS, OPERATING - EXPENSE, MEASURED IN $ / OPERATION",EXPENSE TOTALS,,Expenses per operation,expPF,"Expense totals, oeprating - expense, measured in $ / operation",Expenses per operation ($),usd
economics,food business resilience,income stability,CENSUS,,"INCOME, FARM-RELATED - RECEIPTS, MEASURED IN $ / OPERATION","INCOME, FARM-RELATED",,Mean farm related income per operation,farmIncomePF,"Income, farm-related - receipts, measured in $ / operation",Income per farm ($),usd
economics,access to capital/credit,access to land,CENSUS,,FARM OPERATIONS - ACRES OPERATED,FARM OPERATIONS,,Total acres operated,acresOperated,Total acres operated on farm operations,Acres operated,acres
economics,access to capital/credit,access to land,CENSUS,,"FARM OPERATIONS - AREA OPERATED, MEASURED IN ACRES / OPERATION",FARM OPERATIONS,,Mean acres per farm,acresPF,Mean acres operated per farm,Mean acres per farm,acres
economics,access to capital/credit,access to land,CENSUS,,"FARM OPERATIONS - AREA OPERATED, MEASURED IN ACRES / OPERATION, MEDIAN",FARM OPERATIONS,,Median acres per farm,medianAcresPF,Median acres operated per farm,Median acres per farm,acres
economics,access to capital/credit,access to land,CENSUS,,"AG LAND, INCL BUILDINGS - ASSET VALUE, MEASURED IN $ / OPERATION",AG LAND,,Land and building value per farm,landValPF,"Value of agricultural land, including buildings, per operation",Land Value Per Farm ($),usd
economics,access to capital/credit,access to land,CENSUS,,"AG LAND, INCL BUILDINGS - ASSET VALUE, MEASURED IN $ / ACRE",AG LAND,,Land and building value per acre,landValPerAcre,"Value of agricultural land, including buildings, per acre",Land Value Per Acre ($),usd
production,production margins,production inputs,CENSUS,,"CHEMICAL TOTALS - EXPENSE, MEASURED IN $",CHEMICAL TOTALS,,Chemical expenses,expChemical,"Total chemical expenses, measured in dollars",Chem expenses per farm ($),usd
production,production margins,production inputs,CENSUS,,CHEMICAL TOTALS - OPERATIONS WITH EXPENSE,CHEMICAL TOTALS,,Number of operations with chemical expenses,nOpsChemical,Number of operations with chemical expenses,n farms with chem expenses,count
production,production margins,production inputs,CENSUS,,"CHEMICAL TOTALS - EXPENSE, MEASURED IN PCT OF OPERATING EXPENSES",CHEMICAL TOTALS,,Mean chemical expenses per operation,expChemicalPct,Total chemical expenses / number of operations with chemical expenses,Chem expenses per farm ($),usd
production,production margins,total quantity food products,CENSUS,,"ANIMAL TOTALS, INCL PRODUCTS - SALES, MEASURED IN $",ANIMAL TOTALS,,Total animal sales,salesAnimal,Total sales from animals and animal products,Animal sales ($),usd
production,production margins,total quantity food products,CENSUS,,"CROP TOTALS - SALES, MEASURED IN $",CROP TOTALS,,Total crop sales,salesCrop,Total sales from crops,Crop sales ($),usd
production,production margins,total quantity food products,CENSUS,,derived,derived,,Total sales of animal and crop,salesAnimalAndCrop,Sum of sales from animals and crops,Crop sales ($),usd
production,production margins,total quantity forest products,CENSUS,,"INCOME, FARM-RELATED, FOREST PRODUCTS, (EXCL CHRISTMAS TREES & SHORT TERM WOODY CROPS & MAPLE SYRUP) - RECEIPTS, MEASURED IN $","INCOME, FARM-RELATED",,Total forest product income,incForestProducts,"Income from farm-related forest products, exclusing Christmas trees, short term woody crops, and maple syrup",NA,usd
production,production margins,yield,SURVEY,YIELD,,,take all statisticcat_desc yield,Corn grain yield,yieldCornGrain,Corn grain yield measured in bu acre,yieldCornGrain,bu/acre
production,production margins,yield,SURVEY,YIELD,,,take all statisticcat_desc yield,Corn silage yield,yieldCornSilage,Corn silage yield measured in tons acre,yieldCornSilage,tons/acre
production,production margins,yield,SURVEY,YIELD,,,take all statisticcat_desc yield,Cotton yield,yieldCotton,Cotton yield measured in lb acre,yieldCotton,lb/acre
production,production margins,yield,SURVEY,YIELD,,,take all statisticcat_desc yield,Cotton upland yield,yieldCottonUpland,Cotton upland yield measured in lb acre,yieldCottonUpland,lb/acre
production,production margins,yield,SURVEY,YIELD,,,take all statisticcat_desc yield,Hay excl alfalfa yield,yieldHayExclAlfalfa,Hay excl alfalfa yield measured in tons acre,yieldHayExclAlfalfa,tons/acre
production,production margins,yield,SURVEY,YIELD,,,take all statisticcat_desc yield,Hay yield,yieldHay,Hay yield measured in tons acre,yieldHay,tons/acre
production,production margins,yield,SURVEY,YIELD,,,take all statisticcat_desc yield,Hemp industrial in the open fiber yield,yieldHempIndustrialInTheOpenFiber,Hemp industrial in the open fiber yield measured in lbs acre,yieldHempIndustrialInTheOpenFiber,lbs/acre
production,production margins,yield,SURVEY,YIELD,,,take all statisticcat_desc yield,Hemp industrial in the open floral yield,yieldHempIndustrialInTheOpenFloral,Hemp industrial in the open floral yield measured in lbs acre,yieldHempIndustrialInTheOpenFloral,lbs/acre
production,production margins,yield,SURVEY,YIELD,,,take all statisticcat_desc yield,Peanuts yield,yieldPeanuts,Peanuts yield measured in lb acre,yieldPeanuts,lb/acre
production,production margins,yield,SURVEY,YIELD,,,take all statisticcat_desc yield,Soybeans yield,yieldSoybeans,Soybeans yield measured in bu acre,yieldSoybeans,bu/acre
production,production margins,yield,SURVEY,YIELD,,,take all statisticcat_desc yield,Wheat yield,yieldWheat,Wheat yield measured in bu acre,yieldWheat,bu/acre
production,production margins,yield,SURVEY,YIELD,,,take all statisticcat_desc yield,Wheat winter yield,yieldWheatWinter,Wheat winter yield measured in bu acre,yieldWheatWinter,bu/acre
production,production margins,yield,SURVEY,YIELD,,,take all statisticcat_desc yield,Barley yield,yieldBarley,Barley yield measured in bu acre,yieldBarley,bu/acre
production,production margins,yield,SURVEY,YIELD,,,take all statisticcat_desc yield,Cotton pima yield,yieldCottonPima,Cotton pima yield measured in lb acre,yieldCottonPima,lb/acre
production,production margins,yield,SURVEY,YIELD,,,take all statisticcat_desc yield,Hay alfalfa yield,yieldHayAlfalfa,Hay alfalfa yield measured in tons acre,yieldHayAlfalfa,tons/acre
production,production margins,yield,SURVEY,YIELD,,,take all statisticcat_desc yield,Wheat spring durum yield,yieldWheatSpringDurum,Wheat spring durum yield measured in bu acre,yieldWheatSpringDurum,bu/acre
production,production margins,yield,SURVEY,YIELD,,,take all statisticcat_desc yield,Dates yield,yieldDates,Dates yield measured in tons acre,yieldDates,tons/acre
production,production margins,yield,SURVEY,YIELD,,,take all statisticcat_desc yield,Lemons yield,yieldLemons,Lemons yield measured in boxes acre,yieldLemons,boxes/acre
production,production margins,yield,SURVEY,YIELD,,,take all statisticcat_desc yield,Pecans yield,yieldPecans,Pecans yield measured in lb acre,yieldPecans,lb/acre
production,production margins,yield,SURVEY,YIELD,,,take all statisticcat_desc yield,Broccoli yield,yieldBroccoli,Broccoli yield measured in cwt acre,yieldBroccoli,cwt/acre
production,production margins,yield,SURVEY,YIELD,,,take all statisticcat_desc yield,Cabbage yield,yieldCabbage,Cabbage yield measured in cwt acre,yieldCabbage,cwt/acre
production,production margins,yield,SURVEY,YIELD,,,take all statisticcat_desc yield,Cauliflower yield,yieldCauliflower,Cauliflower yield measured in cwt acre,yieldCauliflower,cwt/acre
production,production margins,yield,SURVEY,YIELD,,,take all statisticcat_desc yield,Lettuce head yield,yieldLettuceHead,Lettuce head yield measured in cwt acre,yieldLettuceHead,cwt/acre
production,production margins,yield,SURVEY,YIELD,,,take all statisticcat_desc yield,Lettuce leaf yield,yieldLettuceLeaf,Lettuce leaf yield measured in cwt acre,yieldLettuceLeaf,cwt/acre
production,production margins,yield,SURVEY,YIELD,,,take all statisticcat_desc yield,Lettuce romaine yield,yieldLettuceRomaine,Lettuce romaine yield measured in cwt acre,yieldLettuceRomaine,cwt/acre
production,production margins,yield,SURVEY,YIELD,,,take all statisticcat_desc yield,Melons cantaloup yield,yieldMelonsCantaloup,Melons cantaloup yield measured in cwt acre,yieldMelonsCantaloup,cwt/acre
production,production margins,yield,SURVEY,YIELD,,,take all statisticcat_desc yield,Melons watermelon yield,yieldMelonsWatermelon,Melons watermelon yield measured in cwt acre,yieldMelonsWatermelon,cwt/acre
production,production margins,yield,SURVEY,YIELD,,,take all statisticcat_desc yield,Spinach yield,yieldSpinach,Spinach yield measured in cwt acre,yieldSpinach,cwt/acre
production,production margins,yield,SURVEY,YIELD,,,take all statisticcat_desc yield,Oats yield,yieldOats,Oats yield measured in bu acre,yieldOats,bu/acre
production,production margins,yield,SURVEY,YIELD,,,take all statisticcat_desc yield,Rice yield,yieldRice,Rice yield measured in lb acre,yieldRice,lb/acre
production,production margins,yield,SURVEY,YIELD,,,take all statisticcat_desc yield,Rice long grain yield,yieldRiceLongGrain,Rice long grain yield measured in lb acre,yieldRiceLongGrain,lb/acre
production,production margins,yield,SURVEY,YIELD,,,take all statisticcat_desc yield,Rice medium grain yield,yieldRiceMediumGrain,Rice medium grain yield measured in lb acre,yieldRiceMediumGrain,lb/acre
production,production margins,yield,SURVEY,YIELD,,,take all statisticcat_desc yield,Rice short grain yield,yieldRiceShortGrain,Rice short grain yield measured in lb acre,yieldRiceShortGrain,lb/acre
production,production margins,yield,SURVEY,YIELD,,,take all statisticcat_desc yield,Beans dry edible excl chickpeas yield,yieldBeansDryEdibleExclChickpeas,Beans dry edible excl chickpeas yield measured in lb acre,yieldBeansDryEdibleExclChickpeas,lb/acre
production,production margins,yield,SURVEY,YIELD,,,take all statisticcat_desc yield,Beans dry edible black yield,yieldBeansDryEdibleBlack,Beans dry edible black yield measured in lb acre,yieldBeansDryEdibleBlack,lb/acre
production,production margins,yield,SURVEY,YIELD,,,take all statisticcat_desc yield,Beans dry edible blackeye yield,yieldBeansDryEdibleBlackeye,Beans dry edible blackeye yield measured in lb acre,yieldBeansDryEdibleBlackeye,lb/acre
production,production margins,yield,SURVEY,YIELD,,,take all statisticcat_desc yield,Beans dry edible cranberry yield,yieldBeansDryEdibleCranberry,Beans dry edible cranberry yield measured in lb acre,yieldBeansDryEdibleCranberry,lb/acre
production,production margins,yield,SURVEY,YIELD,,,take all statisticcat_desc yield,Beans dry edible dark red kidney yield,yieldBeansDryEdibleDarkRedKidney,Beans dry edible dark red kidney yield measured in lb acre,yieldBeansDryEdibleDarkRedKidney,lb/acre
production,production margins,yield,SURVEY,YIELD,,,take all statisticcat_desc yield,Beans dry edible light red kidney yield,yieldBeansDryEdibleLightRedKidney,Beans dry edible light red kidney yield measured in lb acre,yieldBeansDryEdibleLightRedKidney,lb/acre
production,production margins,yield,SURVEY,YIELD,,,take all statisticcat_desc yield,Beans dry edible lima baby yield,yieldBeansDryEdibleLimaBaby,Beans dry edible lima baby yield measured in lb acre,yieldBeansDryEdibleLimaBaby,lb/acre
production,production margins,yield,SURVEY,YIELD,,,take all statisticcat_desc yield,Beans dry edible lima large yield,yieldBeansDryEdibleLimaLarge,Beans dry edible lima large yield measured in lb acre,yieldBeansDryEdibleLimaLarge,lb/acre
production,production margins,yield,SURVEY,YIELD,,,take all statisticcat_desc yield,Beans dry edible other not listed yield,yieldBeansDryEdibleOtherNotListed,Beans dry edible other not listed yield measured in lb acre,yieldBeansDryEdibleOtherNotListed,lb/acre
production,production margins,yield,SURVEY,YIELD,,,take all statisticcat_desc yield,Beans dry edible pinto yield,yieldBeansDryEdiblePinto,Beans dry edible pinto yield measured in lb acre,yieldBeansDryEdiblePinto,lb/acre
production,production margins,yield,SURVEY,YIELD,,,take all statisticcat_desc yield,Chickpeas yield,yieldChickpeas,Chickpeas yield measured in lb acre,yieldChickpeas,lb/acre
production,production margins,yield,SURVEY,YIELD,,,take all statisticcat_desc yield,Chickpeas large yield,yieldChickpeasLarge,Chickpeas large yield measured in lb acre,yieldChickpeasLarge,lb/acre
production,production margins,yield,SURVEY,YIELD,,,take all statisticcat_desc yield,Chickpeas small yield,yieldChickpeasSmall,Chickpeas small yield measured in lb acre,yieldChickpeasSmall,lb/acre
production,production margins,yield,SURVEY,YIELD,,,take all statisticcat_desc yield,Hay haylage excl alfalfa yield,yieldHayHaylageExclAlfalfa,Hay haylage excl alfalfa yield measured in tons acre dry basis,yieldHayHaylageExclAlfalfa,"tons/acre,drybasis"
production,production margins,yield,SURVEY,YIELD,,,take all statisticcat_desc yield,Hay haylage alfalfa yield,yieldHayHaylageAlfalfa,Hay haylage alfalfa yield measured in tons acre dry basis,yieldHayHaylageAlfalfa,"tons/acre,drybasis"
production,production margins,yield,SURVEY,YIELD,,,take all statisticcat_desc yield,Hay haylage yield,yieldHayHaylage,Hay haylage yield measured in tons acre dry basis,yieldHayHaylage,"tons/acre,drybasis"
production,production margins,yield,SURVEY,YIELD,,,take all statisticcat_desc yield,Haylage excl alfalfa yield,yieldHaylageExclAlfalfa,Haylage excl alfalfa yield measured in tons acre,yieldHaylageExclAlfalfa,tons/acre
production,production margins,yield,SURVEY,YIELD,,,take all statisticcat_desc yield,Haylage alfalfa yield,yieldHaylageAlfalfa,Haylage alfalfa yield measured in tons acre,yieldHaylageAlfalfa,tons/acre
production,production margins,yield,SURVEY,YIELD,,,take all statisticcat_desc yield,Haylage yield,yieldHaylage,Haylage yield measured in tons acre,yieldHaylage,tons/acre
production,production margins,yield,SURVEY,YIELD,,,take all statisticcat_desc yield,Safflower yield,yieldSafflower,Safflower yield measured in lb acre,yieldSafflower,lb/acre
production,production margins,yield,SURVEY,YIELD,,,take all statisticcat_desc yield,Sugarbeets yield,yieldSugarbeets,Sugarbeets yield measured in tons acre,yieldSugarbeets,tons/acre
production,production margins,yield,SURVEY,YIELD,,,take all statisticcat_desc yield,Sunflower yield,yieldSunflower,Sunflower yield measured in lb acre,yieldSunflower,lb/acre
production,production margins,yield,SURVEY,YIELD,,,take all statisticcat_desc yield,Sunflower non oil type yield,yieldSunflowerNonOilType,Sunflower non oil type yield measured in lb acre,yieldSunflowerNonOilType,lb/acre
production,production margins,yield,SURVEY,YIELD,,,take all statisticcat_desc yield,Sunflower oil type yield,yieldSunflowerOilType,Sunflower oil type yield measured in lb acre,yieldSunflowerOilType,lb/acre
production,production margins,yield,SURVEY,YIELD,,,take all statisticcat_desc yield,Almonds utilized yield,yieldAlmondsUtilized,Almonds utilized yield measured in lb acre,yieldAlmondsUtilized,lb/acre
production,production margins,yield,SURVEY,YIELD,,,take all statisticcat_desc yield,Apples yield,yieldApples,Apples yield measured in lb acre,yieldApples,lb/acre
production,production margins,yield,SURVEY,YIELD,,,take all statisticcat_desc yield,Apricots yield,yieldApricots,Apricots yield measured in tons acre,yieldApricots,tons/acre
production,production margins,yield,SURVEY,YIELD,,,take all statisticcat_desc yield,Avocados yield,yieldAvocados,Avocados yield measured in tons acre,yieldAvocados,tons/acre
production,production margins,yield,SURVEY,YIELD,,,take all statisticcat_desc yield,Blueberries tame yield,yieldBlueberriesTame,Blueberries tame yield measured in lb acre,yieldBlueberriesTame,lb/acre
production,production margins,yield,SURVEY,YIELD,,,take all statisticcat_desc yield,Cherries sweet yield,yieldCherriesSweet,Cherries sweet yield measured in tons acre,yieldCherriesSweet,tons/acre
production,production margins,yield,SURVEY,YIELD,,,take all statisticcat_desc yield,Grapefruit yield,yieldGrapefruit,Grapefruit yield measured in boxes acre,yieldGrapefruit,boxes/acre
production,production margins,yield,SURVEY,YIELD,,,take all statisticcat_desc yield,Grapes yield,yieldGrapes,Grapes yield measured in tons acre,yieldGrapes,tons/acre
production,production margins,yield,SURVEY,YIELD,,,take all statisticcat_desc yield,Grapes raisin type yield,yieldGrapesRaisinType,Grapes raisin type yield measured in tons acre,yieldGrapesRaisinType,tons/acre
production,production margins,yield,SURVEY,YIELD,,,take all statisticcat_desc yield,Grapes table type yield,yieldGrapesTableType,Grapes table type yield measured in tons acre,yieldGrapesTableType,tons/acre
production,production margins,yield,SURVEY,YIELD,,,take all statisticcat_desc yield,Grapes wine type yield,yieldGrapesWineType,Grapes wine type yield measured in tons acre,yieldGrapesWineType,tons/acre
production,production margins,yield,SURVEY,YIELD,,,take all statisticcat_desc yield,Kiwifruit yield,yieldKiwifruit,Kiwifruit yield measured in tons acre,yieldKiwifruit,tons/acre
production,production margins,yield,SURVEY,YIELD,,,take all statisticcat_desc yield,Nectarines yield,yieldNectarines,Nectarines yield measured in tons acre,yieldNectarines,tons/acre
production,production margins,yield,SURVEY,YIELD,,,take all statisticcat_desc yield,Olives yield,yieldOlives,Olives yield measured in tons acre,yieldOlives,tons/acre
production,production margins,yield,SURVEY,YIELD,,,take all statisticcat_desc yield,Oranges yield,yieldOranges,Oranges yield measured in boxes acre,yieldOranges,boxes/acre
production,production margins,yield,SURVEY,YIELD,,,take all statisticcat_desc yield,Oranges mid navel yield,yieldOrangesMidNavel,Oranges mid navel yield measured in boxes acre,yieldOrangesMidNavel,boxes/acre
production,production margins,yield,SURVEY,YIELD,,,take all statisticcat_desc yield,Oranges valencia yield,yieldOrangesValencia,Oranges valencia yield measured in boxes acre,yieldOrangesValencia,boxes/acre
production,production margins,yield,SURVEY,YIELD,,,take all statisticcat_desc yield,Peaches yield,yieldPeaches,Peaches yield measured in tons acre,yieldPeaches,tons/acre
production,production margins,yield,SURVEY,YIELD,,,take all statisticcat_desc yield,Peaches clingstone yield,yieldPeachesClingstone,Peaches clingstone yield measured in tons acre,yieldPeachesClingstone,tons/acre
production,production margins,yield,SURVEY,YIELD,,,take all statisticcat_desc yield,Peaches freestone yield,yieldPeachesFreestone,Peaches freestone yield measured in tons acre,yieldPeachesFreestone,tons/acre
production,production margins,yield,SURVEY,YIELD,,,take all statisticcat_desc yield,Pears yield,yieldPears,Pears yield measured in tons acre,yieldPears,tons/acre
production,production margins,yield,SURVEY,YIELD,,,take all statisticcat_desc yield,Pistachios utilized yield,yieldPistachiosUtilized,Pistachios utilized yield measured in lb acre,yieldPistachiosUtilized,lb/acre
production,production margins,yield,SURVEY,YIELD,,,take all statisticcat_desc yield,Pistachios utilized yield,yieldPistachiosUtilized,Pistachios utilized yield measured in tons acre,yieldPistachiosUtilized,tons/acre
production,production margins,yield,SURVEY,YIELD,,,take all statisticcat_desc yield,Plums yield,yieldPlums,Plums yield measured in tons acre,yieldPlums,tons/acre
production,production margins,yield,SURVEY,YIELD,,,take all statisticcat_desc yield,Prunes yield,yieldPrunes,Prunes yield measured in tons acre dry basis,yieldPrunes,"tons/acre,drybasis"
production,production margins,yield,SURVEY,YIELD,,,take all statisticcat_desc yield,Raspberries yield,yieldRaspberries,Raspberries yield measured in lb acre,yieldRaspberries,lb/acre
production,production margins,yield,SURVEY,YIELD,,,take all statisticcat_desc yield,Strawberries yield,yieldStrawberries,Strawberries yield measured in cwt acre,yieldStrawberries,cwt/acre
production,production margins,yield,SURVEY,YIELD,,,take all statisticcat_desc yield,Tangerines yield,yieldTangerines,Tangerines yield measured in boxes acre,yieldTangerines,boxes/acre
production,production margins,yield,SURVEY,YIELD,,,take all statisticcat_desc yield,Walnuts english utilized in shell yield,yieldWalnutsEnglishUtilizedInShell,Walnuts english utilized in shell yield measured in tons acre,yieldWalnutsEnglishUtilizedInShell,tons/acre
production,production margins,yield,SURVEY,YIELD,,,take all statisticcat_desc yield,Mushrooms agaricus yield,yieldMushroomsAgaricus,Mushrooms agaricus yield measured in lb sq ft,yieldMushroomsAgaricus,lb/sqft
production,production margins,yield,SURVEY,YIELD,,,take all statisticcat_desc yield,Artichokes yield,yieldArtichokes,Artichokes yield measured in cwt acre,yieldArtichokes,cwt/acre
production,production margins,yield,SURVEY,YIELD,,,take all statisticcat_desc yield,Asparagus yield,yieldAsparagus,Asparagus yield measured in cwt acre,yieldAsparagus,cwt/acre
production,production margins,yield,SURVEY,YIELD,,,take all statisticcat_desc yield,Beans snap yield,yieldBeansSnap,Beans snap yield measured in cwt acre,yieldBeansSnap,cwt/acre
production,production margins,yield,SURVEY,YIELD,,,take all statisticcat_desc yield,Carrots yield,yieldCarrots,Carrots yield measured in cwt acre,yieldCarrots,cwt/acre
production,production margins,yield,SURVEY,YIELD,,,take all statisticcat_desc yield,Celery yield,yieldCelery,Celery yield measured in cwt acre,yieldCelery,cwt/acre
production,production margins,yield,SURVEY,YIELD,,,take all statisticcat_desc yield,Cucumbers yield,yieldCucumbers,Cucumbers yield measured in cwt acre,yieldCucumbers,cwt/acre
production,production margins,yield,SURVEY,YIELD,,,take all statisticcat_desc yield,Garlic yield,yieldGarlic,Garlic yield measured in cwt acre,yieldGarlic,cwt/acre
production,production margins,yield,SURVEY,YIELD,,,take all statisticcat_desc yield,Melons honeydew yield,yieldMelonsHoneydew,Melons honeydew yield measured in cwt acre,yieldMelonsHoneydew,cwt/acre
production,production margins,yield,SURVEY,YIELD,,,take all statisticcat_desc yield,Onions dry yield,yieldOnionsDry,Onions dry yield measured in cwt acre,yieldOnionsDry,cwt/acre
production,production margins,yield,SURVEY,YIELD,,,take all statisticcat_desc yield,Peppers bell yield,yieldPeppersBell,Peppers bell yield measured in cwt acre,yieldPeppersBell,cwt/acre
production,production margins,yield,SURVEY,YIELD,,,take all statisticcat_desc yield,Peppers chile yield,yieldPeppersChile,Peppers chile yield measured in cwt acre,yieldPeppersChile,cwt/acre
production,production margins,yield,SURVEY,YIELD,,,take all statisticcat_desc yield,Potatoes yield,yieldPotatoes,Potatoes yield measured in cwt acre,yieldPotatoes,cwt/acre
production,production margins,yield,SURVEY,YIELD,,,take all statisticcat_desc yield,Pumpkins yield,yieldPumpkins,Pumpkins yield measured in cwt acre,yieldPumpkins,cwt/acre
production,production margins,yield,SURVEY,YIELD,,,take all statisticcat_desc yield,Squash yield,yieldSquash,Squash yield measured in cwt acre,yieldSquash,cwt/acre
production,production margins,yield,SURVEY,YIELD,,,take all statisticcat_desc yield,Sweet corn yield,yieldSweetCorn,Sweet corn yield measured in cwt acre,yieldSweetCorn,cwt/acre
production,production margins,yield,SURVEY,YIELD,,,take all statisticcat_desc yield,Sweet potatoes yield,yieldSweetPotatoes,Sweet potatoes yield measured in cwt acre,yieldSweetPotatoes,cwt/acre
production,production margins,yield,SURVEY,YIELD,,,take all statisticcat_desc yield,Tomatoes in the open yield,yieldTomatoesInTheOpen,Tomatoes in the open yield measured in cwt acre,yieldTomatoesInTheOpen,cwt/acre
production,production margins,yield,SURVEY,YIELD,,,take all statisticcat_desc yield,Beans dry edible pink yield,yieldBeansDryEdiblePink,Beans dry edible pink yield measured in lb acre,yieldBeansDryEdiblePink,lb/acre
production,production margins,yield,SURVEY,YIELD,,,take all statisticcat_desc yield,Beans dry edible small red yield,yieldBeansDryEdibleSmallRed,Beans dry edible small red yield measured in lb acre,yieldBeansDryEdibleSmallRed,lb/acre
production,production margins,yield,SURVEY,YIELD,,,take all statisticcat_desc yield,Millet proso yield,yieldMilletProso,Millet proso yield measured in bu acre,yieldMilletProso,bu/acre
production,production margins,yield,SURVEY,YIELD,,,take all statisticcat_desc yield,Sorghum grain yield,yieldSorghumGrain,Sorghum grain yield measured in bu acre,yieldSorghumGrain,bu/acre
production,production margins,yield,SURVEY,YIELD,,,take all statisticcat_desc yield,Sorghum silage yield,yieldSorghumSilage,Sorghum silage yield measured in tons acre,yieldSorghumSilage,tons/acre
production,production margins,yield,SURVEY,YIELD,,,take all statisticcat_desc yield,Corn grain irrigated yield,yieldCornGrainIrrigated,Corn grain irrigated yield measured in bu acre,yieldCornGrainIrrigated,bu/acre
production,production margins,yield,SURVEY,YIELD,,,take all statisticcat_desc yield,Corn grain non irrigated yield,yieldCornGrainNonIrrigated,Corn grain non irrigated yield measured in bu acre,yieldCornGrainNonIrrigated,bu/acre
production,production margins,yield,SURVEY,YIELD,,,take all statisticcat_desc yield,Soybeans irrigated yield,yieldSoybeansIrrigated,Soybeans irrigated yield measured in bu acre,yieldSoybeansIrrigated,bu/acre
production,production margins,yield,SURVEY,YIELD,,,take all statisticcat_desc yield,Soybeans non irrigated yield,yieldSoybeansNonIrrigated,Soybeans non irrigated yield measured in bu acre,yieldSoybeansNonIrrigated,bu/acre
production,production margins,yield,SURVEY,YIELD,,,take all statisticcat_desc yield,Sugarcane seed yield,yieldSugarcaneSeed,Sugarcane seed yield measured in tons acre,yieldSugarcaneSeed,tons/acre
production,production margins,yield,SURVEY,YIELD,,,take all statisticcat_desc yield,Sugarcane sugar yield,yieldSugarcaneSugar,Sugarcane sugar yield measured in tons acre,yieldSugarcaneSugar,tons/acre
production,production margins,yield,SURVEY,YIELD,,,take all statisticcat_desc yield,Sugarcane sugar seed yield,yieldSugarcaneSugarSeed,Sugarcane sugar seed yield measured in tons acre,yieldSugarcaneSugarSeed,tons/acre
production,production margins,yield,SURVEY,YIELD,,,take all statisticcat_desc yield,Tobacco yield,yieldTobacco,Tobacco yield measured in lb acre,yieldTobacco,lb/acre
production,production margins,yield,SURVEY,YIELD,,,take all statisticcat_desc yield,Tobacco flue cured class 1 yield,yieldTobaccoFlueCuredClass1,Tobacco flue cured class 1 yield measured in lb acre,yieldTobaccoFlueCuredClass1,lb/acre
production,production margins,yield,SURVEY,YIELD,,,take all statisticcat_desc yield,Coffee yield,yieldCoffee,Coffee yield measured in lb acre cherry basis,yieldCoffee,"lb/acre,cherrybasis"
production,production margins,yield,SURVEY,YIELD,,,take all statisticcat_desc yield,Coffee yield,yieldCoffee,Coffee yield measured in tons acre,yieldCoffee,tons/acre
production,production margins,yield,SURVEY,YIELD,,,take all statisticcat_desc yield,Macadamias utilized yield,yieldMacadamiasUtilized,Macadamias utilized yield measured in lb acre,yieldMacadamiasUtilized,lb/acre
production,production margins,yield,SURVEY,YIELD,,,take all statisticcat_desc yield,Papayas yield,yieldPapayas,Papayas yield measured in lb acre,yieldPapayas,lb/acre
production,production margins,yield,SURVEY,YIELD,,,take all statisticcat_desc yield,Beans dry edible great northern yield,yieldBeansDryEdibleGreatNorthern,Beans dry edible great northern yield measured in lb acre,yieldBeansDryEdibleGreatNorthern,lb/acre
production,production margins,yield,SURVEY,YIELD,,,take all statisticcat_desc yield,Beans dry edible navy yield,yieldBeansDryEdibleNavy,Beans dry edible navy yield measured in lb acre,yieldBeansDryEdibleNavy,lb/acre
production,production margins,yield,SURVEY,YIELD,,,take all statisticcat_desc yield,Beans dry edible small white yield,yieldBeansDryEdibleSmallWhite,Beans dry edible small white yield measured in lb acre,yieldBeansDryEdibleSmallWhite,lb/acre
production,production margins,yield,SURVEY,YIELD,,,take all statisticcat_desc yield,Hops yield,yieldHops,Hops yield measured in lb acre,yieldHops,lb/acre
production,production margins,yield,SURVEY,YIELD,,,take all statisticcat_desc yield,Hops amarillo r vgxp 01 yield,yieldHopsAmarilloRVgxp01,Hops amarillo r vgxp 01 yield measured in lb acre,yieldHopsAmarilloRVgxp01,lb/acre
production,production margins,yield,SURVEY,YIELD,,,take all statisticcat_desc yield,Hops apollo tm yield,yieldHopsApolloTm,Hops apollo tm yield measured in lb acre,yieldHopsApolloTm,lb/acre
production,production margins,yield,SURVEY,YIELD,,,take all statisticcat_desc yield,Hops bravo tm yield,yieldHopsBravoTm,Hops bravo tm yield measured in lb acre,yieldHopsBravoTm,lb/acre
production,production margins,yield,SURVEY,YIELD,,,take all statisticcat_desc yield,Hops c t z r yield,yieldHopsCTZR,Hops c t z r yield measured in lb acre,yieldHopsCTZR,lb/acre
production,production margins,yield,SURVEY,YIELD,,,take all statisticcat_desc yield,Hops calypso tm yield,yieldHopsCalypsoTm,Hops calypso tm yield measured in lb acre,yieldHopsCalypsoTm,lb/acre
production,production margins,yield,SURVEY,YIELD,,,take all statisticcat_desc yield,Hops cascade yield,yieldHopsCascade,Hops cascade yield measured in lb acre,yieldHopsCascade,lb/acre
production,production margins,yield,SURVEY,YIELD,,,take all statisticcat_desc yield,Hops cashmere yield,yieldHopsCashmere,Hops cashmere yield measured in lb acre,yieldHopsCashmere,lb/acre
production,production margins,yield,SURVEY,YIELD,,,take all statisticcat_desc yield,Hops centennial yield,yieldHopsCentennial,Hops centennial yield measured in lb acre,yieldHopsCentennial,lb/acre
production,production margins,yield,SURVEY,YIELD,,,take all statisticcat_desc yield,Hops chinook yield,yieldHopsChinook,Hops chinook yield measured in lb acre,yieldHopsChinook,lb/acre
production,production margins,yield,SURVEY,YIELD,,,take all statisticcat_desc yield,Hops citra r hbc 394 yield,yieldHopsCitraRHbc394,Hops citra r hbc 394 yield measured in lb acre,yieldHopsCitraRHbc394,lb/acre
production,production margins,yield,SURVEY,YIELD,,,take all statisticcat_desc yield,Hops cluster yield,yieldHopsCluster,Hops cluster yield measured in lb acre,yieldHopsCluster,lb/acre
production,production margins,yield,SURVEY,YIELD,,,take all statisticcat_desc yield,Hops comet yield,yieldHopsComet,Hops comet yield measured in lb acre,yieldHopsComet,lb/acre
production,production margins,yield,SURVEY,YIELD,,,take all statisticcat_desc yield,Hops crystal yield,yieldHopsCrystal,Hops crystal yield measured in lb acre,yieldHopsCrystal,lb/acre
production,production margins,yield,SURVEY,YIELD,,,take all statisticcat_desc yield,Hops ekuanot r hbc 366 yield,yieldHopsEkuanotRHbc366,Hops ekuanot r hbc 366 yield measured in lb acre,yieldHopsEkuanotRHbc366,lb/acre
production,production margins,yield,SURVEY,YIELD,,,take all statisticcat_desc yield,Hops el dorado r yield,yieldHopsElDoradoR,Hops el dorado r yield measured in lb acre,yieldHopsElDoradoR,lb/acre
production,production margins,yield,SURVEY,YIELD,,,take all statisticcat_desc yield,Hops eureka tm yield,yieldHopsEurekaTm,Hops eureka tm yield measured in lb acre,yieldHopsEurekaTm,lb/acre
production,production margins,yield,SURVEY,YIELD,,,take all statisticcat_desc yield,Hops experimental yield,yieldHopsExperimental,Hops experimental yield measured in lb acre,yieldHopsExperimental,lb/acre
production,production margins,yield,SURVEY,YIELD,,,take all statisticcat_desc yield,Hops galena yield,yieldHopsGalena,Hops galena yield measured in lb acre,yieldHopsGalena,lb/acre
production,production margins,yield,SURVEY,YIELD,,,take all statisticcat_desc yield,Hops hallertauer magnum yield,yieldHopsHallertauerMagnum,Hops hallertauer magnum yield measured in lb acre,yieldHopsHallertauerMagnum,lb/acre
production,production margins,yield,SURVEY,YIELD,,,take all statisticcat_desc yield,Hops hallertauer mittelfruher yield,yieldHopsHallertauerMittelfruher,Hops hallertauer mittelfruher yield measured in lb acre,yieldHopsHallertauerMittelfruher,lb/acre
production,production margins,yield,SURVEY,YIELD,,,take all statisticcat_desc yield,Hops idaho 7 r yield,yieldHopsIdaho7R,Hops idaho 7 r yield measured in lb acre,yieldHopsIdaho7R,lb/acre
production,production margins,yield,SURVEY,YIELD,,,take all statisticcat_desc yield,Hops idaho gem tm yield,yieldHopsIdahoGemTm,Hops idaho gem tm yield measured in lb acre,yieldHopsIdahoGemTm,lb/acre
production,production margins,yield,SURVEY,YIELD,,,take all statisticcat_desc yield,Hops lotus yield,yieldHopsLotus,Hops lotus yield measured in lb acre,yieldHopsLotus,lb/acre
production,production margins,yield,SURVEY,YIELD,,,take all statisticcat_desc yield,Hops mosaic r hbc 369 yield,yieldHopsMosaicRHbc369,Hops mosaic r hbc 369 yield measured in lb acre,yieldHopsMosaicRHbc369,lb/acre
production,production margins,yield,SURVEY,YIELD,,,take all statisticcat_desc yield,Hops mt rainier yield,yieldHopsMtRainier,Hops mt rainier yield measured in lb acre,yieldHopsMtRainier,lb/acre
production,production margins,yield,SURVEY,YIELD,,,take all statisticcat_desc yield,Hops northern brewer yield,yieldHopsNorthernBrewer,Hops northern brewer yield measured in lb acre,yieldHopsNorthernBrewer,lb/acre
production,production margins,yield,SURVEY,YIELD,,,take all statisticcat_desc yield,Hops other yield,yieldHopsOther,Hops other yield measured in lb acre,yieldHopsOther,lb/acre
production,production margins,yield,SURVEY,YIELD,,,take all statisticcat_desc yield,Hops palisade r ycr 4 yield,yieldHopsPalisadeRYcr4,Hops palisade r ycr 4 yield measured in lb acre,yieldHopsPalisadeRYcr4,lb/acre
production,production margins,yield,SURVEY,YIELD,,,take all statisticcat_desc yield,Hops saaz yield,yieldHopsSaaz,Hops saaz yield measured in lb acre,yieldHopsSaaz,lb/acre
production,production margins,yield,SURVEY,YIELD,,,take all statisticcat_desc yield,Hops sabro r hbc 438 yield,yieldHopsSabroRHbc438,Hops sabro r hbc 438 yield measured in lb acre,yieldHopsSabroRHbc438,lb/acre
production,production margins,yield,SURVEY,YIELD,,,take all statisticcat_desc yield,Hops simcoe r ycr 14 yield,yieldHopsSimcoeRYcr14,Hops simcoe r ycr 14 yield measured in lb acre,yieldHopsSimcoeRYcr14,lb/acre
production,production margins,yield,SURVEY,YIELD,,,take all statisticcat_desc yield,Hops sultana yield,yieldHopsSultana,Hops sultana yield measured in lb acre,yieldHopsSultana,lb/acre
production,production margins,yield,SURVEY,YIELD,,,take all statisticcat_desc yield,Hops talus r hbc 692 yield,yieldHopsTalusRHbc692,Hops talus r hbc 692 yield measured in lb acre,yieldHopsTalusRHbc692,lb/acre
production,production margins,yield,SURVEY,YIELD,,,take all statisticcat_desc yield,Hops triumph yield,yieldHopsTriumph,Hops triumph yield measured in lb acre,yieldHopsTriumph,lb/acre
production,production margins,yield,SURVEY,YIELD,,,take all statisticcat_desc yield,Hops willamette yield,yieldHopsWillamette,Hops willamette yield measured in lb acre,yieldHopsWillamette,lb/acre
production,production margins,yield,SURVEY,YIELD,,,take all statisticcat_desc yield,Hops zappa tm yield,yieldHopsZappaTm,Hops zappa tm yield measured in lb acre,yieldHopsZappaTm,lb/acre
production,production margins,yield,SURVEY,YIELD,,,take all statisticcat_desc yield,Lentils yield,yieldLentils,Lentils yield measured in lb acre,yieldLentils,lb/acre
production,production margins,yield,SURVEY,YIELD,,,take all statisticcat_desc yield,Mint peppermint oil yield,yieldMintPeppermintOil,Mint peppermint oil yield measured in lb acre,yieldMintPeppermintOil,lb/acre
production,production margins,yield,SURVEY,YIELD,,,take all statisticcat_desc yield,Mint spearmint oil yield,yieldMintSpearmintOil,Mint spearmint oil yield measured in lb acre,yieldMintSpearmintOil,lb/acre
production,production margins,yield,SURVEY,YIELD,,,take all statisticcat_desc yield,Peas dry edible yield,yieldPeasDryEdible,Peas dry edible yield measured in lb acre,yieldPeasDryEdible,lb/acre
production,production margins,yield,SURVEY,YIELD,,,take all statisticcat_desc yield,Wheat spring excl durum yield,yieldWheatSpringExclDurum,Wheat spring excl durum yield measured in bu acre,yieldWheatSpringExclDurum,bu/acre
production,production margins,yield,SURVEY,YIELD,,,take all statisticcat_desc yield,Canola yield,yieldCanola,Canola yield measured in lb acre,yieldCanola,lb/acre
production,production margins,yield,SURVEY,YIELD,,,take all statisticcat_desc yield,Tobacco air cured dark class 3 b yield,yieldTobaccoAirCuredDarkClass3B,Tobacco air cured dark class 3 b yield measured in lb acre,yieldTobaccoAirCuredDarkClass3B,lb/acre
production,production margins,yield,SURVEY,YIELD,,,take all statisticcat_desc yield,Tobacco air cured light burley type 31 yield,yieldTobaccoAirCuredLightBurleyType31,Tobacco air cured light burley type 31 yield measured in lb acre,yieldTobaccoAirCuredLightBurleyType31,lb/acre
production,production margins,yield,SURVEY,YIELD,,,take all statisticcat_desc yield,Tobacco fire cured class 2 yield,yieldTobaccoFireCuredClass2,Tobacco fire cured class 2 yield measured in lb acre,yieldTobaccoFireCuredClass2,lb/acre
production,production margins,yield,SURVEY,YIELD,,,take all statisticcat_desc yield,Maple syrup yield,yieldMapleSyrup,Maple syrup yield measured in gallons tap,yieldMapleSyrup,gallons/tap
production,production margins,yield,SURVEY,YIELD,,,take all statisticcat_desc yield,Blueberries wild yield,yieldBlueberriesWild,Blueberries wild yield measured in lb acre,yieldBlueberriesWild,lb/acre
production,production margins,yield,SURVEY,YIELD,,,take all statisticcat_desc yield,Cranberries yield,yieldCranberries,Cranberries yield measured in barrels acre,yieldCranberries,barrels/acre
production,production margins,yield,SURVEY,YIELD,,,take all statisticcat_desc yield,Cherries tart yield,yieldCherriesTart,Cherries tart yield measured in lb acre,yieldCherriesTart,lb/acre
production,production margins,yield,SURVEY,YIELD,,,take all statisticcat_desc yield,Rye yield,yieldRye,Rye yield measured in bu acre,yieldRye,bu/acre
production,production margins,yield,SURVEY,YIELD,,,take all statisticcat_desc yield,Peas green yield,yieldPeasGreen,Peas green yield measured in cwt acre,yieldPeasGreen,cwt/acre
production,production margins,yield,SURVEY,YIELD,,,take all statisticcat_desc yield,Flaxseed yield,yieldFlaxseed,Flaxseed yield measured in bu acre,yieldFlaxseed,bu/acre
production,production margins,yield,SURVEY,YIELD,,,take all statisticcat_desc yield,Legumes alfalfa seed yield,yieldLegumesAlfalfaSeed,Legumes alfalfa seed yield measured in lb acre,yieldLegumesAlfalfaSeed,lb/acre
production,production margins,yield,SURVEY,YIELD,,,take all statisticcat_desc yield,Hops azacca r adha 483 yield,yieldHopsAzaccaRAdha483,Hops azacca r adha 483 yield measured in lb acre,yieldHopsAzaccaRAdha483,lb/acre
production,production margins,yield,SURVEY,YIELD,,,take all statisticcat_desc yield,Hops fuggle yield,yieldHopsFuggle,Hops fuggle yield measured in lb acre,yieldHopsFuggle,lb/acre
production,production margins,yield,SURVEY,YIELD,,,take all statisticcat_desc yield,Hops golding yield,yieldHopsGolding,Hops golding yield measured in lb acre,yieldHopsGolding,lb/acre
production,production margins,yield,SURVEY,YIELD,,,take all statisticcat_desc yield,Hops liberty yield,yieldHopsLiberty,Hops liberty yield measured in lb acre,yieldHopsLiberty,lb/acre
production,production margins,yield,SURVEY,YIELD,,,take all statisticcat_desc yield,Hops meridian yield,yieldHopsMeridian,Hops meridian yield measured in lb acre,yieldHopsMeridian,lb/acre
production,production margins,yield,SURVEY,YIELD,,,take all statisticcat_desc yield,Hops mt hood yield,yieldHopsMtHood,Hops mt hood yield measured in lb acre,yieldHopsMtHood,lb/acre
production,production margins,yield,SURVEY,YIELD,,,take all statisticcat_desc yield,Hops nugget yield,yieldHopsNugget,Hops nugget yield measured in lb acre,yieldHopsNugget,lb/acre
production,production margins,yield,SURVEY,YIELD,,,take all statisticcat_desc yield,Hops pekko r adha 871 yield,yieldHopsPekkoRAdha871,Hops pekko r adha 871 yield measured in lb acre,yieldHopsPekkoRAdha871,lb/acre
production,production margins,yield,SURVEY,YIELD,,,take all statisticcat_desc yield,Hops sorachi ace yield,yieldHopsSorachiAce,Hops sorachi ace yield measured in lb acre,yieldHopsSorachiAce,lb/acre
production,production margins,yield,SURVEY,YIELD,,,take all statisticcat_desc yield,Hops sterling yield,yieldHopsSterling,Hops sterling yield measured in lb acre,yieldHopsSterling,lb/acre
production,production margins,yield,SURVEY,YIELD,,,take all statisticcat_desc yield,Hops strata r or 91331 yield,yieldHopsStrataROr91331,Hops strata r or 91331 yield measured in lb acre,yieldHopsStrataROr91331,lb/acre
production,production margins,yield,SURVEY,YIELD,,,take all statisticcat_desc yield,Hops super galena tm yield,yieldHopsSuperGalenaTm,Hops super galena tm yield measured in lb acre,yieldHopsSuperGalenaTm,lb/acre
production,production margins,yield,SURVEY,YIELD,,,take all statisticcat_desc yield,Hops tahoma yield,yieldHopsTahoma,Hops tahoma yield measured in lb acre,yieldHopsTahoma,lb/acre
production,production margins,yield,SURVEY,YIELD,,,take all statisticcat_desc yield,Hops tettnanger yield,yieldHopsTettnanger,Hops tettnanger yield measured in lb acre,yieldHopsTettnanger,lb/acre
production,production margins,yield,SURVEY,YIELD,,,take all statisticcat_desc yield,Hazelnuts utilized yield,yieldHazelnutsUtilized,Hazelnuts utilized yield measured in tons acre,yieldHazelnutsUtilized,tons/acre
production,production margins,yield,SURVEY,YIELD,,,take all statisticcat_desc yield,Tobacco air cured light southern md belt type 32 yield,yieldTobaccoAirCuredLightSouthernMdBeltType32,Tobacco air cured light southern md belt type 32 yield measured in lb acre,yieldTobaccoAirCuredLightSouthernMdBeltType32,lb/acre
production,production margins,yield,SURVEY,YIELD,,,take all statisticcat_desc yield,Tobacco cigar filler pa seed leaf type 41 yield,yieldTobaccoCigarFillerPaSeedLeafType41,Tobacco cigar filler pa seed leaf type 41 yield measured in lb acre,yieldTobaccoCigarFillerPaSeedLeafType41,lb/acre
production,production margins,yield,SURVEY,YIELD,,,take all statisticcat_desc yield,Hops ahtanum r ycr 1 yield,yieldHopsAhtanumRYcr1,Hops ahtanum r ycr 1 yield measured in lb acre,yieldHopsAhtanumRYcr1,lb/acre
production,production margins,yield,SURVEY,YIELD,,,take all statisticcat_desc yield,Hops bitter gold yield,yieldHopsBitterGold,Hops bitter gold yield measured in lb acre,yieldHopsBitterGold,lb/acre
production,production margins,yield,SURVEY,YIELD,,,take all statisticcat_desc yield,Hops delta tm yield,yieldHopsDeltaTm,Hops delta tm yield measured in lb acre,yieldHopsDeltaTm,lb/acre
production,production margins,yield,SURVEY,YIELD,,,take all statisticcat_desc yield,Hops glacier yield,yieldHopsGlacier,Hops glacier yield measured in lb acre,yieldHopsGlacier,lb/acre
production,production margins,yield,SURVEY,YIELD,,,take all statisticcat_desc yield,Hops hbc 682 yield,yieldHopsHbc682,Hops hbc 682 yield measured in lb acre,yieldHopsHbc682,lb/acre
production,production margins,yield,SURVEY,YIELD,,,take all statisticcat_desc yield,Hops horizon yield,yieldHopsHorizon,Hops horizon yield measured in lb acre,yieldHopsHorizon,lb/acre
production,production margins,yield,SURVEY,YIELD,,,take all statisticcat_desc yield,Hops lemondrop tm yield,yieldHopsLemondropTm,Hops lemondrop tm yield measured in lb acre,yieldHopsLemondropTm,lb/acre
production,production margins,yield,SURVEY,YIELD,,,take all statisticcat_desc yield,Hops loral r hbc 291 yield,yieldHopsLoralRHbc291,Hops loral r hbc 291 yield measured in lb acre,yieldHopsLoralRHbc291,lb/acre
production,production margins,yield,SURVEY,YIELD,,,take all statisticcat_desc yield,Hops millenium yield,yieldHopsMillenium,Hops millenium yield measured in lb acre,yieldHopsMillenium,lb/acre
production,production margins,yield,SURVEY,YIELD,,,take all statisticcat_desc yield,Hops summit tm yield,yieldHopsSummitTm,Hops summit tm yield measured in lb acre,yieldHopsSummitTm,lb/acre
production,production margins,yield,SURVEY,YIELD,,,take all statisticcat_desc yield,Hops vanguard yield,yieldHopsVanguard,Hops vanguard yield measured in lb acre,yieldHopsVanguard,lb/acre
production,production margins,yield,SURVEY,YIELD,,,take all statisticcat_desc yield,Hops warrior r ycr 5 yield,yieldHopsWarriorRYcr5,Hops warrior r ycr 5 yield measured in lb acre,yieldHopsWarriorRYcr5,lb/acre
production,production margins,yield,SURVEY,YIELD,,,take all statisticcat_desc yield,Mint spearmint native oil yield,yieldMintSpearmintNativeOil,Mint spearmint native oil yield measured in lb acre,yieldMintSpearmintNativeOil,lb/acre
production,production margins,yield,SURVEY,YIELD,,,take all statisticcat_desc yield,Mint spearmint scotch oil yield,yieldMintSpearmintScotchOil,Mint spearmint scotch oil yield measured in lb acre,yieldMintSpearmintScotchOil,lb/acre
production,production margins,yield,SURVEY,YIELD,,,take all statisticcat_desc yield,Grapes juice type yield,yieldGrapesJuiceType,Grapes juice type yield measured in tons acre,yieldGrapesJuiceType,tons/acre
social,food and farmworker diversity,age diversity,CENSUS,,"PRODUCERS - AGE, AVG, MEASURED IN YEARS",PRODUCERS,,Mean producer age,ageProducers,Mean producer age,NA,ratio
social,food and farmworker diversity,gender diversity,CENSUS,,derived,,,Ratio of female to male producers,ftmProdRatio,Ratio of female to male producers,NA,age
social,food and farmworker diversity,racial diversity,CENSUS,,"PRODUCERS, AMERICAN INDIAN OR ALASKA NATIVE - NUMBER OF PRODUCERS",PRODUCERS,,Number of American Indian producers,nAmInProducers,Number of American Indian producers,NA,count
social,food and farmworker diversity,racial diversity,CENSUS,,"PRODUCERS, ASIAN - NUMBER OF PRODUCERS",PRODUCERS,,Number of Asian producers,nAsianProducers,Number of Asian producers,NA,count
social,food and farmworker diversity,racial diversity,CENSUS,,"PRODUCERS, BLACK OR AFRICAN AMERICAN - NUMBER OF PRODUCERS",PRODUCERS,,Number of Black producers,nBlackProducers,Number of Black producers,NA,count
social,food and farmworker diversity,gender diversity,CENSUS,,"PRODUCERS, (ALL), FEMALE - NUMBER OF PRODUCERS",PRODUCERS,,Number of female producers,nFemProducers,Number of female producers,NA,count
social,food and farmworker diversity,racial diversity,CENSUS,,"PRODUCERS, HISPANIC - NUMBER OF PRODUCERS",PRODUCERS,,Number of Hispanic producers,nHispProducers,Number of Hispanic producers,NA,count
social,food and farmworker diversity,gender diversity,CENSUS,,"PRODUCERS, (ALL), MALE - NUMBER OF PRODUCERS",PRODUCERS,,Number of male producers,nMaleProducers,Number of male producers,NA,count
social,food and farmworker diversity,racial diversity,CENSUS,,"PRODUCERS, NATIVE HAWAIIAN OR OTHER PACIFIC ISLANDER - NUMBER OF PRODUCERS",PRODUCERS,,Number of Native Hawaiian or Pacific Islander producers,nNaHaProducers,Number of Native Hawaiian or Pacific Islander producers,NA,count
social,food and farmworker diversity,racial diversity,CENSUS,,"PRODUCERS, WHITE - NUMBER OF PRODUCERS",PRODUCERS,,Number of White producers,nWhiteProducers,Number of White producers,NA,count
social,food and farmworker diversity,racial diversity,CENSUS,,derived,,,Racial diversity of producers,producerRacialDiversity,Shannon index of NASS producer race statistics,NA,index
social,stewardship participation,conservation program,CENSUS,,"PRACTICES, ALLEY CROPPING & SILVAPASTURE - NUMBER OF OPERATIONS",PRACTICES,,Operations practicing alley cropping or silvapasture,alleyCropSilvapastureNOps,Operations practicing alley cropping or silvapasture,alleyCropSilvapastureNOps,count
social,stewardship participation,conservation program,CENSUS,,"ENERGY, RENEWABLE, BIODIESEL SYSTEMS - NUMBER OF OPERATIONS",ENERGY,,Number of operations with biodiesel energy,biodieselNOps,Number of operations with biodiesel energy,biodieselNOps,count
social,stewardship participation,conservation program,CENSUS,,"ENERGY, RENEWABLE, HARVEST BIOMASS FOR PRODUCTION - NUMBER OF OPERATIONS",ENERGY,,Number of operations harvesting biomass for energy,biomassHarvestNOps,Number of operations harvesting biomass for energy,biomassHarvestNOps,count
social,stewardship participation,conservation program,CENSUS,,"PRACTICES, LAND USE, CONSERVATION EASEMENT - ACRES",PRACTICES,,Acres under conservation easements,consEasementAcres,Acres under conservation easements,consEasementAcres,acres
social,stewardship participation,conservation program,CENSUS,,"PRACTICES, LAND USE, CONSERVATION EASEMENT - AREA, MEASURED IN ACRES / OPERATION",PRACTICES,,Acres under conservation easement per operation,consEasementAcresPF,Acres under conservation easement per operation,consEasementAcresPF,acres
social,stewardship participation,conservation program,CENSUS,,"PRACTICES, LAND USE, CONSERVATION EASEMENT - NUMBER OF OPERATIONS",PRACTICES,,Operations with conservation easements,consEasementNOps,Operations with conservation easements,consEasementNOps,count
social,stewardship participation,conservation program,CENSUS,,"GOVT PROGRAMS, FEDERAL, CONSERVATION & WETLANDS - OPERATIONS WITH RECEIPTS",PRACTICES,,Operations with conservation income,consIncomeNOps,Operations with conservation income,consIncomeNOps,count
social,stewardship participation,conservation program,CENSUS,,"GOVT PROGRAMS, FEDERAL, CONSERVATION & WETLANDS - RECEIPTS, MEASURED IN $ / OPERATION",PRACTICES,,Conservation income per operation,consIncomePF,Conservation income per operation,consIncomePF,usd / operation
social,stewardship participation,conservation program,CENSUS,,"GOVT PROGRAMS, FEDERAL, CONSERVATION & WETLANDS - RECEIPTS, MEASURED IN $",PRACTICES,,Total conservation income,consIncomeTotal,Total conservation income,consIncomeTotal,usd
social,stewardship participation,conservation program,CENSUS,,"PRACTICES, LAND USE, CROPLAND, CONSERVATION TILLAGE, (EXCL NO-TILL) - ACRES",PRACTICES,,"Conservation tillage acres, excluding no-till",consTillExclNoTillAcres,"Conservation tillage acres, excluding no-till",consTillExclNoTillAcres,acres
social,stewardship participation,conservation program,CENSUS,,"PRACTICES, LAND USE, CROPLAND, CONSERVATION TILLAGE, (EXCL NO-TILL) - AREA, MEASURED IN ACRES / OPERATION",PRACTICES,,"Conservation tillage acres, excluding no-till, per operation",consTillExclNoTillAcresPF,"Conservation tillage acres, excluding no-till, per operation",consTillExclNoTillAcresPF,acres
social,stewardship participation,conservation program,CENSUS,,"PRACTICES, LAND USE, CROPLAND, CONSERVATION TILLAGE, (EXCL NO-TILL) - NUMBER OF OPERATIONS",PRACTICES,,"Operations with conservation tillage, excluding no-till",consTillExclNoTillNOps,"Operations with conservation tillage, excluding no-till",consTillExclNoTillNOps,count
social,stewardship participation,conservation program,CENSUS,,"PRACTICES, LAND USE, CROPLAND, CONSERVATION TILLAGE, NO-TILL - ACRES",PRACTICES,,"Conservation tillage, no-till acres",consTillNoTillAcres,"Conservation tillage, no-till acres",consTillNoTillAcres,acres
social,stewardship participation,conservation program,CENSUS,,"PRACTICES, LAND USE, CROPLAND, CONSERVATION TILLAGE, NO-TILL - AREA, MEASURED IN ACRES / OPERATION",PRACTICES,,"Conservation tillage, no-till acres per operation",consTillNoTillAcresPF,"Conservation tillage, no-till acres per operation",consTillNoTillAcresPF,acres
social,stewardship participation,conservation program,CENSUS,,"PRACTICES, LAND USE, CROPLAND, CONSERVATION TILLAGE, NO-TILL - NUMBER OF OPERATIONS",PRACTICES,,"Conservation tillage, no-till, operations",consTillNoTillNOps,"Conservation tillage, no-till, operations",consTillNoTillNOps,count
social,stewardship participation,conservation program,CENSUS,,"PRACTICES, LAND USE, CROPLAND, COVER CROP PLANTED, (EXCL CRP) - ACRES",PRACTICES,,"Cover crop practices, excluding CRP, acres",coverCropExclCrpAcres,"Cover crop practices, excluding CRP, acres",coverCropExclCrpAcres,acres
social,stewardship participation,conservation program,CENSUS,,"PRACTICES, LAND USE, CROPLAND, COVER CROP PLANTED, (EXCL CRP) - AREA, MEASURED IN ACRES / OPERATION",PRACTICES,,"Cover crop practices, excluding CRP, acres per operation",coverCropExclCrpAcresPF,"Cover crop practices, excluding CRP, acres per operation",coverCropExclCrpAcresPF,acres
social,stewardship participation,conservation program,CENSUS,,"PRACTICES, LAND USE, CROPLAND, COVER CROP PLANTED, (EXCL CRP) - NUMBER OF OPERATIONS",PRACTICES,,"Cover crop practices, excluding CRP, operations",coverCropExclCrpNOps,"Cover crop practices, excluding CRP, operations",coverCropExclCrpNOps,count
social,stewardship participation,conservation program,CENSUS,,"PRACTICES, LAND USE, DRAINED BY ARTIFICIAL DITCHES - ACRES",PRACTICES,,Acres drained by ditches,drainedDitchesAcres,Acres drained by ditches,drainedDitchesAcres,acres
social,stewardship participation,conservation program,CENSUS,,"PRACTICES, LAND USE, DRAINED BY ARTIFICIAL DITCHES - AREA, MEASURED IN ACRES / OPERATION",PRACTICES,,Acres drained by ditches per farm,drainedDitchesAcresPF,Acres drained by ditches per farm,drainedDitchesAcresPF,acres
social,stewardship participation,conservation program,CENSUS,,"PRACTICES, LAND USE, DRAINED BY ARTIFICIAL DITCHES - NUMBER OF OPERATIONS",PRACTICES,,Operations with drained acres by tile,drainedDitchesNOps,Operations with drained acres by tile,drainedDitchesNOps,count
social,stewardship participation,conservation program,CENSUS,,"PRACTICES, LAND USE, DRAINED BY TILE - ACRES",PRACTICES,,Acres drained by tile,drainedTileAcres,Acres drained by tile,drainedTileAcres,acres
social,stewardship participation,conservation program,CENSUS,,"PRACTICES, LAND USE, DRAINED BY TILE - AREA, MEASURED IN ACRES / OPERATION",PRACTICES,,Acres drained by tile per operation,drainedTileAcresPF,Acres drained by tile per operation,drainedTileAcresPF,acres
social,stewardship participation,conservation program,CENSUS,,"PRACTICES, LAND USE, DRAINED BY TILE - NUMBER OF OPERATIONS",PRACTICES,,Operations with acres drained by tile,drainedTileNOps,Operations with acres drained by tile,drainedTileNOps,count
production,production margins,production inputs,CENSUS,,"FERTILIZER TOTALS, INCL LIME & SOIL CONDITIONERS - EXPENSE, MEASURED IN PCT OF OPERATING EXPENSES",FERTILIZER TOTALS,,Fertilizer expenses as a percentage of operations expenses,fertExpensePercOpExp,Fertilizer expenses as a percentage of operations expenses,fertExpensePercOpExp,usd
environment,resource use efficiency (old),energy efficiency (old),CENSUS,,"ENERGY, RENEWABLE, GEOEXCHANGE SYSTEMS - NUMBER OF OPERATIONS",ENERGY,,Operations using geoexchange,geoexchangeNOps,Operations using geoexchange,geoexchangeNOps,count
environment,resource use efficiency (old),energy efficiency (old),CENSUS,,"ENERGY, RENEWABLE, METHANE DIGESTERS - OPERATIONS WITH DEVICES",ENERGY,,Operations using methane energy,methaneNOps,Operations using methane energy,methaneNOps,count
environment,resource use efficiency (old),energy efficiency (old),CENSUS,,"ENERGY, RENEWABLE, OTHER SYSTEMS - NUMBER OF OPERATIONS",ENERGY,,Operations using other renewable energy,otherRenewableNOps,Operations using other renewable energy,otherRenewableNOps,count
environment,resource use efficiency (old),energy efficiency (old),CENSUS,,"PRACTICES, PRECISION AGRICULTURE - NUMBER OF OPERATIONS",PRACTICES,,Operations using precision agriculture,precisionAgNOps,Operations using precision agriculture,precisionAgNOps,count
environment,resource use efficiency (old),energy efficiency (old),CENSUS,,"ENERGY, RENEWABLE - NUMBER OF OPERATIONS",ENERGY,,Operations using any renewable energy,renewableNOps,Operations using any renewable energy,renewableNOps,count
environment,resource use efficiency (old),energy efficiency (old),CENSUS,,"PRACTICES, ROTATIONAL OR MGMT INTENSIVE GRAZING - NUMBER OF OPERATIONS",PRACTICES,,Operations using rotational or intensive grazing,rotateIntenseGrazeNOps,Operations using rotational or intensive grazing,rotateIntenseGrazeNOps,count
environment,resource use efficiency (old),energy efficiency (old),CENSUS,,"ENERGY, RENEWABLE, SMALL HYDRO SYSTEMS - NUMBER OF OPERATIONS",ENERGY,,Operations using small hydro energy,smallHydroNOps,Operations using small hydro energy,smallHydroNOps,count
environment,resource use efficiency (old),energy efficiency (old),CENSUS,,"ENERGY, RENEWABLE, SOLAR PANELS - OPERATIONS WITH DEVICES",ENERGY,,Operations with solar power,solarNOps,Operations with solar power,solarNOps,count
environment,resource use efficiency (old),water use / irrigation efficiency (old),unknown,,"WATER, IRRIGATION, RECLAIMED - WATER APPLIED, MEASURED IN ACRE FEET",,,Acre feet of irrigation from reclaimed water,waterIrrReclaimedAcreFt,Acre feet of irrigation from reclaimed water,waterIrrReclaimedAcreFt,acre feet
environment,resource use efficiency (old),water use / irrigation efficiency (old),unknown,,"WATER, IRRIGATION, RECLAIMED, IN THE OPEN - ACRES IRRIGATED",,,Acres irrigated with reclaimed water in open areas,waterIrrReclaimedOpenAcres,Acres irrigated with reclaimed water in open areas,waterIrrReclaimedOpenAcres,acres
environment,resource use efficiency (old),water use / irrigation efficiency (old),unknown,,"WATER, IRRIGATION, RECLAIMED, IN THE OPEN - OPERATIONS WITH AREA IRRIGATED",,,Operations irrigating with reclaimed water in open areas,waterIrrReclaimedOpenAreaNOps,Operations irrigating with reclaimed water in open areas,waterIrrReclaimedOpenAreaNOps,count
environment,resource use efficiency (old),water use / irrigation efficiency (old),unknown,,"WATER, IRRIGATION, SOURCE = OFF FARM - EXPENSE, MEASURED IN $",,,Total expenses from water for irrigation sourced off-farm,waterIrrSrcOffFarmExp,Total expenses from water for irrigation sourced off-farm,waterIrrSrcOffFarmExp,usd
environment,resource use efficiency (old),water use / irrigation efficiency (old),unknown,,"WATER, IRRIGATION, SOURCE = OFF FARM - EXPENSE, MEASURED IN $ / ACRE IRRIGATED",,,Expenses from water for irrigation sourced off-farm per acre,waterIrrSrcOffFarmExpPerAcre,Expenses from water for irrigation sourced off-farm per acre,waterIrrSrcOffFarmExpPerAcre,usd per acre
environment,resource use efficiency (old),water use / irrigation efficiency (old),unknown,,"WATER, IRRIGATION, SOURCE = OFF FARM - EXPENSE, MEASURED IN $ / ACRE FOOT",,,Expenses from water for irrigation sourced off-farm per acre foot,waterIrrSrcOffFarmExpPerAcreFt,Expenses from water for irrigation sourced off-farm per acre foot,waterIrrSrcOffFarmExpPerAcreFt,acre feet
environment,resource use efficiency (old),water use / irrigation efficiency (old),unknown,,"WATER, IRRIGATION, SOURCE = OFF FARM - OPERATIONS WITH EXPENSE",,,Operations with expenses from water for irrigation sourced off-farm,waterIrrSrcOffFarmNOpsWithExp,Operations with expenses from water for irrigation sourced off-farm,waterIrrSrcOffFarmNOpsWithExp,count
environment,resource use efficiency (old),energy efficiency (old),CENSUS,,"ENERGY, RENEWABLE, WIND RIGHTS, RENTED TO OTHERS - NUMBER OF OPERATIONS",ENERGY,,Operations with wind turbines rented to others,windRentedToOthersNOps,Operations with wind turbines rented to others,windRentedToOthersNOps,count
environment,resource use efficiency (old),energy efficiency (old),CENSUS,,"ENERGY, RENEWABLE, WIND TURBINES - OPERATIONS WITH DEVICES",ENERGY,,Operations with wind turbines,windTurbinesNOps,Operations with wind turbines,windTurbinesNOps,count
